:START_ID(Keyword),:END_ID(Keyword),:TYPE
azobenzenes,Azobenzene,ALIAS_OF
机器人抓取控制,机器人抓取与操作,ALIAS_OF
巨细胞病毒,人巨细胞病毒,ALIAS_OF
异化劳动,劳动异化,ALIAS_OF
农地规模经营,农业规模经营,ALIAS_OF
胰高血糖素样肽1受体激动剂,胰高血糖素样肽-1受体激动剂,ALIAS_OF
服务功能,功能服务,ALIAS_OF
supra­molecular synthon,Supramolecular Synthons,ALIAS_OF
鸡传染性贫血病,鸡传染性贫血,ALIAS_OF
两部收费契约,两部收费制契约,ALIAS_OF
cyclodextrins,Cyclodextrin,ALIAS_OF
后量子密码算法,后量子密码,ALIAS_OF
全球视野,全球视角,ALIAS_OF
Pd,PD,ALIAS_OF
protein,Protein,ALIAS_OF
技术演变,技术演化,ALIAS_OF
阻尼方程,阻尼微分方程,ALIAS_OF
补肺益肾组分方,补肺益肾方,ALIAS_OF
（1/G）-展开方法,(1/G)-展开法,ALIAS_OF
metal‐organic frameworks,Metal-Organic Frameworks,ALIAS_OF
脐带间充质干细胞,人脐带间充质干细胞,ALIAS_OF
随机Lyapunov函数,随机 Lyapunov函数,ALIAS_OF
超声成像,超声影像,ALIAS_OF
溶胶-凝胶技术,溶胶-凝胶法,ALIAS_OF
nanoparticle,Nanoparticle,ALIAS_OF
“1+X”证书,1+X证书,ALIAS_OF
模型仿真,仿真模型,ALIAS_OF
弥漫性血管内凝血,弥散性血管内凝血,ALIAS_OF
SARS-COV-2,SARS-CoV-2,ALIAS_OF
制造业生产效率,制造业效率,ALIAS_OF
半导体物理学,半导体物理,ALIAS_OF
生物合成途径,生物化学合成途径,ALIAS_OF
全髋关节置换术,人工全髋关节置换术,ALIAS_OF
猪轮状病毒感染,猪轮状病毒,ALIAS_OF
高速机电复合传动系统,机电复合传动系统,ALIAS_OF
气相色谱质谱,气相色谱-质谱法,ALIAS_OF
预防和控制,预防与控制,ALIAS_OF
流感裂解疫苗,流感病毒裂解疫苗,ALIAS_OF
有机场效晶体管,有机场效应晶体管,ALIAS_OF
H7N9亚型禽流感病毒,H7N9亚型禽流感,ALIAS_OF
“人—技关系”,“人—技”关系,ALIAS_OF
on-surface synthesis,On-surface synthesis,ALIAS_OF
基因组育种,基因组学育种,ALIAS_OF
Hirshfeld Surface analysis,Hirshfeld surface analysis,ALIAS_OF
智能辅助诊断,智能医疗诊断,ALIAS_OF
变分自编码器,变分自动编码器,ALIAS_OF
传染性疾病传播,传染性疾病,ALIAS_OF
柯布道格拉斯生产函数模型,柯布道格拉斯生产函数,ALIAS_OF
混合动力车辆,混合动力汽车,ALIAS_OF
压阻式压力传感器,压阻传感器,ALIAS_OF
DNA电化学生物传感器,DNA电化学传感器,ALIAS_OF
数字文化作品,数字文化产品,ALIAS_OF
心肌缺血/再灌注,心肌缺血再灌注损伤,ALIAS_OF
蛋白靶向降解嵌合体,蛋白降解靶向嵌合体,ALIAS_OF
宏基因分箱,宏基因组分箱,ALIAS_OF
阿尔兹海默症,阿尔茨海默病,ALIAS_OF
人工智能教育,人工智能与教育,ALIAS_OF
自动驾驶车辆,自动驾驶汽车,ALIAS_OF
行政自动化决策,商业自动化决策,ALIAS_OF
4型禽腺病毒,禽腺病毒4型,ALIAS_OF
中医技术,中医医疗技术,ALIAS_OF
正电子发射断层,正电子发射断层扫描,ALIAS_OF
高级氧化过程,高级氧化,ALIAS_OF
基因本质论,基因本体论,ALIAS_OF
高能天体物理学,天体爆发活动: 高能天体物理学:天体爆发活动,ALIAS_OF
要素配置优化,要素优化配置,ALIAS_OF
时空演进,时空演化,ALIAS_OF
模拟仿真,仿真模拟,ALIAS_OF
饮食健康,健康饮食,ALIAS_OF
安全帽佩戴检测,安全帽检测,ALIAS_OF
中和性抗体,中和抗体,ALIAS_OF
紫外可见吸收光谱法,紫外-可见吸收光谱,ALIAS_OF
航空制造业,航空制造,ALIAS_OF
乙型肝炎病毒感染,乙型病毒性肝炎,ALIAS_OF
酶联免疫法,酶联免疫,ALIAS_OF
乙肝病毒感染,乙型病毒性肝炎,ALIAS_OF
预训练视觉语言模型,视觉-语言预训练,ALIAS_OF
血管紧张素转换酶2,血管紧张素转化酶2,ALIAS_OF
种植安全,安全种植,ALIAS_OF
十八烷基三氯硅烷（OTS）,十八烷基三氯硅烷,ALIAS_OF
结构方程模型构建,结构方程模型,ALIAS_OF
文本生成图像,文本图像生成,ALIAS_OF
放射性治疗,放射治疗,ALIAS_OF
全关节置换术,人工关节置换术,ALIAS_OF
membrane,Membrane,ALIAS_OF
日常生活活动能力,日常活动能力,ALIAS_OF
共价有机框架（COFs）,共价有机框架(COFs),ALIAS_OF
photocatalysis,Photocatalysis,ALIAS_OF
peptide self-assembly,Peptide self-assembly,ALIAS_OF
酶学特征,酶学性质,ALIAS_OF
月球的水冰,月球水冰,ALIAS_OF
蜂窝夹层结构,蜂窝夹层板,ALIAS_OF
激光测距雷达,激光雷达,ALIAS_OF
能源转换和储存,能源存储和转换,ALIAS_OF
树枝状大分子,树枝状分子,ALIAS_OF
极端降水,极端强降水,ALIAS_OF
企业职工,企业员工,ALIAS_OF
细菌耐药性,细菌抗生素耐药性,ALIAS_OF
therapy,Therapy,ALIAS_OF
supramolecular synthon,Supramolecular Synthons,ALIAS_OF
高中数学教育,高中数学,ALIAS_OF
biomaterials,Biomaterials,ALIAS_OF
农业转型,农业生产转型,ALIAS_OF
整体增强可变形卷积网络,可变形卷积网络,ALIAS_OF
charge transfer,Charge Transfer,ALIAS_OF
Pg,PG,ALIAS_OF
皮肤细菌微生物,皮肤微生物,ALIAS_OF
误差状态卡尔曼滤波器,误差状态卡尔曼滤波,ALIAS_OF
文献计量学分析,文献计量分析,ALIAS_OF
粮食生产安全,粮食安全,ALIAS_OF
戊型肝炎,戊型病毒性肝炎,ALIAS_OF
量子纠缠态,量子纠缠,ALIAS_OF
铜纳米粒子,纳米铜粒子,ALIAS_OF
铜合金,铜及铜合金,ALIAS_OF
liposome,Liposome,ALIAS_OF
量子信息学,量子信息,ALIAS_OF
金属有机框架（MOFs）,金属有机框架(MOFs),ALIAS_OF
量子密码学,量子密码,ALIAS_OF
大棚温室,温室大棚,ALIAS_OF
磺酸化反应,磺化反应,ALIAS_OF
Ulam稳定性,Ulam型稳定性,ALIAS_OF
地面试验验证,地面试验,ALIAS_OF
多孔配合聚合物,多孔配位聚合物,ALIAS_OF
枝状分子,树枝状分子,ALIAS_OF
农业财政补贴,农业补贴,ALIAS_OF
食品营养,食品和营养,ALIAS_OF
微电子机械系统(MEMS),微机电系统(MEMS),ALIAS_OF
移动粒子半隐式法,移动粒子半隐式方法,ALIAS_OF
Sirt1,SIRT1,ALIAS_OF
智能生产线,智能制造生产线,ALIAS_OF
鼠李糖乳酪杆菌Probio-M9,鼠李糖乳杆菌Probio-M9,ALIAS_OF
挥发性有机物,挥发性有机化合物,ALIAS_OF
分离试验,分离实验,ALIAS_OF
电气自动化技术,电气自动化,ALIAS_OF
电子信息化技术,电子信息技术,ALIAS_OF
超声影像组学模型,超声影像组学,ALIAS_OF
化疗诱导的周围神经病变,化疗所致周围神经病变,ALIAS_OF
特发性脊柱侧弯,特发性脊柱侧凸,ALIAS_OF
钴基复合物,钴基化合物,ALIAS_OF
抗抑郁药物,抗抑郁药,ALIAS_OF
无机纳米颗粒,无机纳米粒子,ALIAS_OF
运输包装箱,运输包装,ALIAS_OF
产业链数智化,产业数智化,ALIAS_OF
慢性病,慢性疾病,ALIAS_OF
酶级联催化,多酶级联催化,ALIAS_OF
Albert,ALBERT,ALIAS_OF
Pickering乳状液,Pickering乳液,ALIAS_OF
文本量化分析,文本量化,ALIAS_OF
shape memory,Shape memory,ALIAS_OF
肺脾气虚证,肺脾气虚,ALIAS_OF
Mo,BiVO4光阳极: Mo:BiVO4光阳极,ALIAS_OF
无细胞百日咳类疫苗,无细胞百日咳疫苗,ALIAS_OF
超高效液相色谱-质谱,超高效液相色谱-质谱联用,ALIAS_OF
间质性肺炎,间质性肺疾病,ALIAS_OF
空气环境,环境空气,ALIAS_OF
智能感知,感知智能,ALIAS_OF
核壳结构微球,核壳微球,ALIAS_OF
肠-肝轴,肝-肠轴,ALIAS_OF
地区差异,区域差异,ALIAS_OF
生物催化法,生物催化剂,ALIAS_OF
功能性状基因,功能基因,ALIAS_OF
资源化利用,资源利用,ALIAS_OF
实数融合,数实融合,ALIAS_OF
脑缺血再灌注损伤,脑缺血-再灌注损伤,ALIAS_OF
TGF-β1/Smads信号通路,TGF-β/Smad信号通路,ALIAS_OF
选区激光熔化,激光选区熔化,ALIAS_OF
calixarene,Calixarenes,ALIAS_OF
2023诺贝尔生理学或医学奖,2023年诺贝尔生理学或医学奖,ALIAS_OF
目标实时检测,实时目标检测,ALIAS_OF
线上线混合式教学,线上线下混合式教学,ALIAS_OF
aerogels,Aerogel,ALIAS_OF
surfactant,Surfactant,ALIAS_OF
nanomaterials,Nanomaterials,ALIAS_OF
visible light,Visible Light,ALIAS_OF
狂犬疫苗,狂犬病疫苗,ALIAS_OF
糖尿病骨质疏松症,糖尿病性骨质疏松,ALIAS_OF
二维过渡金属硫族化合物,二维过渡金属硫属化合物,ALIAS_OF
突发公共卫生,突发公共卫生事件,ALIAS_OF
liquid crystal polymers,Liquid crystal polymers,ALIAS_OF
药物不良反应,药品不良反应,ALIAS_OF
OPENCV,OpenCV,ALIAS_OF
挥发性有机物(VOCs),挥发性有机化合物(VOC),ALIAS_OF
排水管道,排水管网,ALIAS_OF
临床诊疗,临床诊治,ALIAS_OF
macrocycles,Macrocycles,ALIAS_OF
结构转型,结构转变,ALIAS_OF
密钥封装机制,密钥封装,ALIAS_OF
Rare-earth elements,Rare Earth Elements,ALIAS_OF
餐后2小时血糖,餐后2h血糖,ALIAS_OF
吸入剂,吸入制剂,ALIAS_OF
媒介基础设施,传媒基础设施,ALIAS_OF
"""祝融号""火星车",“祝融号”火星车,ALIAS_OF
供体受体相互作用,供体-受体相互作用,ALIAS_OF
π⋯π stacking,π-π stacking,ALIAS_OF
准分子激光器,准分子激光,ALIAS_OF
严重急性呼吸综合征冠状病毒2型,严重急性呼吸系统综合征冠状病毒2型(SARS-CoV-2),ALIAS_OF
Terpyridines,Terpyridine,ALIAS_OF
中医体质辨识,中医体质辨析,ALIAS_OF
马立克病,马立克氏病,ALIAS_OF
single crystal,Single Crystal,ALIAS_OF
水污染物,水体污染物,ALIAS_OF
现状调查,现况调查,ALIAS_OF
木质纤维素,木质纤维,ALIAS_OF
高质量就业,高质量充分就业,ALIAS_OF
智能联网,智能网联,ALIAS_OF
自抗扰控制器,自抗扰控制,ALIAS_OF
中西医协同治疗,中西医结合治疗,ALIAS_OF
动物领域,动物科学领域,ALIAS_OF
乙肝肝炎,乙型病毒性肝炎,ALIAS_OF
Host-guest interaction,Host-Guest interaction,ALIAS_OF
超声波检测,超声检查,ALIAS_OF
猪胸膜肺炎放线杆菌,猪传染性胸膜肺炎放线杆菌,ALIAS_OF
结构组装,组装结构,ALIAS_OF
co-crystal hydrate,Co-crystal hydrate,ALIAS_OF
Canny边缘检测算法,Canny边缘检测算子,ALIAS_OF
photothermal therapy,Photothermal Therapy,ALIAS_OF
microfluidics,Microfluidics,ALIAS_OF
protein folding,Protein folding,ALIAS_OF
集成电路工艺原理,集成电路工艺,ALIAS_OF
Dirichlet边界值问题,Dirichlet边值问题,ALIAS_OF
vaccine,Vaccines,ALIAS_OF
气相色谱质谱法,气相色谱-质谱法,ALIAS_OF
“机器论片段”,机器论片段,ALIAS_OF
混动汽车,混合动力汽车,ALIAS_OF
photoisomerization,Photoisomerization,ALIAS_OF
计算机辅助设计技术,计算机辅助设计,ALIAS_OF
protein structures,protein structure,ALIAS_OF
coordination polymer,Coordination polymer,ALIAS_OF
消化道肿瘤,消化系统恶性肿瘤,ALIAS_OF
预训练对话模型,生成式预训练对话模型,ALIAS_OF
第二代测序技术,二代测序技术,ALIAS_OF
Photothermal therapy,Photothermal Therapy,ALIAS_OF
Shear force,Shear Force,ALIAS_OF
Cucurbit[10]uril,cucurbit[10]uril,ALIAS_OF
体积分子排阻高效液相色谱法,体积排阻高效液相色谱,ALIAS_OF
静态随机存取存储器,静态随机存储器,ALIAS_OF
基因特性,基因特征,ALIAS_OF
呼吸道合胞病毒,人呼吸道合胞病毒,ALIAS_OF
宏基因组学二代测序技术,宏基因组二代测序,ALIAS_OF
消化道癌,消化道癌症,ALIAS_OF
yolov5s,YOLOv5s,ALIAS_OF
中医治未病,中医“治未病”,ALIAS_OF
玻璃转变温度,玻璃化转变温度,ALIAS_OF
主要心脑血管不良事件,主要不良心脑血管事件,ALIAS_OF
过继细胞治疗,过继性细胞治疗,ALIAS_OF
DNA分子瓦,DNA亚分子瓦,ALIAS_OF
生成式人工智能技术,生成式人工智能,ALIAS_OF
APP,App,ALIAS_OF
图像识别系统,图像识别技术,ALIAS_OF
深空探索,深空探测,ALIAS_OF
技术领域异质性,技术异质性,ALIAS_OF
lanthanides,Lanthanides,ALIAS_OF
甲酸制氢,甲酸分解制氢,ALIAS_OF
免疫缺陷病,免疫缺陷疾病,ALIAS_OF
疫苗免疫,免疫疫苗,ALIAS_OF
牛呼吸疾病,牛呼吸道疾病,ALIAS_OF
媒介生物传染病,媒介传染病,ALIAS_OF
呼吸系统疾病,呼吸道疾病,ALIAS_OF
化疗相关认知障碍,化学治疗相关认知障碍,ALIAS_OF
植物乳植杆菌,植物乳杆菌,ALIAS_OF
肿瘤相关型巨噬细胞,肿瘤相关巨噬细胞,ALIAS_OF
产业链环节,产业链,ALIAS_OF
猪肺炎支原体,猪支原体肺炎,ALIAS_OF
骨质疏松症,骨质疏松,ALIAS_OF
鲁棒性优化,鲁棒优化,ALIAS_OF
cell association,Cell Association,ALIAS_OF
3-二油氧基丙基三-甲基氯化铵,3-二油氧基丙基-三甲基氯化铵,ALIAS_OF
任务特点,任务特征,ALIAS_OF
胰岛素样生长因子1,胰岛素样生长因子-1,ALIAS_OF
人文科学,人文社会科学,ALIAS_OF
C（sp3）–H键活化,C-H键活化,ALIAS_OF
互联网+医疗健康,互联网+医疗,ALIAS_OF
微生物—肠—脑轴,微生物-肠-脑轴,ALIAS_OF
编解码器,编码器-解码器,ALIAS_OF
类ChatGPT模型,类ChatGPT大模型,ALIAS_OF
炭疽菌,炭疽杆菌,ALIAS_OF
慢性持续期哮喘,哮喘慢性持续期,ALIAS_OF
Logistic回归模型,Logistic回归,ALIAS_OF
图像重构技术,图像重建技术,ALIAS_OF
Molecular assembly,Molecular Assembly,ALIAS_OF
漂浮式光催化剂,漂浮型光催化剂,ALIAS_OF
疾病绝灭,疾病灭绝,ALIAS_OF
异型铜带,自动化生产线: 异型铜带:自动化生产线,ALIAS_OF
网络舆论治理,网络舆情治理,ALIAS_OF
智能护理机器人,护理机器人,ALIAS_OF
急性髓系白血病,急性髓性白血病,ALIAS_OF
免疫相关不良反应,免疫治疗相关不良反应,ALIAS_OF
压缩映像原理,压缩影像原理,ALIAS_OF
能源潜力,能源化潜力,ALIAS_OF
肾脏病,肾脏疾病,ALIAS_OF
畜禽养殖业,畜禽养殖,ALIAS_OF
化学合成药品,化学原料药,ALIAS_OF
病例交叉研究,病例交叉分析,ALIAS_OF
半导体激光,半导体激光器,ALIAS_OF
天问一号火星探测器,“天问一号”火星探测器,ALIAS_OF
meta整合,Meta整合,ALIAS_OF
蛋白替代疗法,蛋白质替代疗法,ALIAS_OF
先天性免疫,先天免疫,ALIAS_OF
电子给体-受体,电子供体-受体,ALIAS_OF
Host-guest,Host-Guest,ALIAS_OF
肉芽肿性小叶乳腺炎,肉芽肿性乳腺炎,ALIAS_OF
分子间相互作用力,分子间作用力,ALIAS_OF
植物微生物互作,植物–微生物互作,ALIAS_OF
植物大遗存,植物遗存,ALIAS_OF
玻色—爱因斯坦凝聚,玻色-爱因斯坦凝聚,ALIAS_OF
微电子机械系统,微机电系统,ALIAS_OF
TNF-α/NF-κB通路,TNF-α/NF-κB信号通路,ALIAS_OF
阿尔兹海默病(AD),阿尔茨海默病(AD),ALIAS_OF
电催化还原CO2,电催化CO2还原,ALIAS_OF
Hydrophobic Effect,hydrophobic effect,ALIAS_OF
营销策略,营销战略,ALIAS_OF
特征相似性,特征相似度,ALIAS_OF
空间分布,空间位置分布,ALIAS_OF
美国国立综合癌症网络,美国国家综合癌症网络,ALIAS_OF
无人机航拍图像,无人机航拍,ALIAS_OF
含氯有机污染物,含氯挥发性有机物,ALIAS_OF
分子工程学,分子工程,ALIAS_OF
共轭系统,共轭体系,ALIAS_OF
脂质过氧化作用,脂质过氧化,ALIAS_OF
技术特性,技术特征,ALIAS_OF
抗生素相关腹泻,抗生素相关性腹泻,ALIAS_OF
GPT类技术,GPT技术,ALIAS_OF
疾病预测预警,疾病监测与预警,ALIAS_OF
胰岛素分泌细胞,胰岛分泌细胞,ALIAS_OF
强降雨,强降水,ALIAS_OF
红细胞分布宽度,红细胞体积分布宽度,ALIAS_OF
经皮冠状动脉介入术,经皮冠状动脉介入治疗,ALIAS_OF
双向长短期记忆模型,双向长短时记忆模型,ALIAS_OF
多元信息融合,多源信息融合,ALIAS_OF
bilayer,Bilayer,ALIAS_OF
BAG3 1,BAG3,ALIAS_OF
金黄色葡萄菌,金黄色葡萄球菌,ALIAS_OF
乙肝疫苗,乙型肝炎疫苗,ALIAS_OF
SEqEIR模型,SEIQR模型,ALIAS_OF
small-angle neutron scattering (SANS),Small-angle neutron scattering (SANS),ALIAS_OF
集成微系统,微系统集成,ALIAS_OF
模糊PID控制器,模糊PID控制,ALIAS_OF
量子通信技术,量子通信,ALIAS_OF
中西医诊治,中西医治疗,ALIAS_OF
传染性胰腺坏死病,传染性胰脏坏死病,ALIAS_OF
电化学有机合成,有机电化学合成,ALIAS_OF
消化系统肿瘤,消化系统恶性肿瘤,ALIAS_OF
老年性聋,老年性耳聋,ALIAS_OF
无级变速箱,无级变速器,ALIAS_OF
器件建模,元器件建模,ALIAS_OF
基因组选择,全基因组选择,ALIAS_OF
医学高校,医学院校,ALIAS_OF
灯盏花乙素,灯盏乙素,ALIAS_OF
奥沙利铂致周围神经病变,奥沙利铂周围神经病变,ALIAS_OF
Chatgpt,ChatGPT,ALIAS_OF
猪腹泻相关病毒,猪流行性腹泻病毒,ALIAS_OF
冠脉痉挛,冠状动脉痉挛,ALIAS_OF
joinpoint回归分析,Joinpoint回归分析,ALIAS_OF
审慎性监管,审慎监管,ALIAS_OF
通用学术英语写作,学术英语写作,ALIAS_OF
13价肺炎链球菌多糖结合疫苗,13价肺炎球菌多糖结合疫苗,ALIAS_OF
optical properties,Optical Properties,ALIAS_OF
氮还原反应,氮气还原反应,ALIAS_OF
co-crystal,Co-Crystal,ALIAS_OF
智能化无人机,智能无人机,ALIAS_OF
少儿编程培训,少儿编程,ALIAS_OF
行星人字齿轮,人字行星齿轮,ALIAS_OF
多肽偶联药物,多肽-药物偶联物,ALIAS_OF
ILC2s,ILC2,ALIAS_OF
振动模型,振动信号模型,ALIAS_OF
确定性深度策略梯度算法,深度确定性策略梯度算法,ALIAS_OF
YOLOv7-tiny,YOLOv7-Tiny,ALIAS_OF
试验验证,实验验证,ALIAS_OF
Molecular dynamics simulations,molecular dynamics simulation,ALIAS_OF
肺炎球菌性,肺炎球菌,ALIAS_OF
集成电路制造工艺,集成电路制造,ALIAS_OF
pn结,PN结,ALIAS_OF
人工智能生成内容技术,人工智能生成内容,ALIAS_OF
皮肤病,皮肤疾病,ALIAS_OF
蜡染技艺,蜡染工艺,ALIAS_OF
冠状动脉粥样硬化性心脏病,冠心病,ALIAS_OF
扫描隧道显微技术,扫描隧道显微镜,ALIAS_OF
大语言模型(LLMs),大型语言模型(LLM),ALIAS_OF
设计优化,优化设计,ALIAS_OF
受试者工作特征曲线,受试者工作操作特征曲线,ALIAS_OF
自动化决策,商业自动化决策,ALIAS_OF
层析分析法(AHP),层次分析法(AHP),ALIAS_OF
Johnson-Cook模型,Johnson-Cook本构模型,ALIAS_OF
出口技术复杂度,产品出口技术复杂度,ALIAS_OF
时间数字转换器,数字时间转换器,ALIAS_OF
分子自组装膜,分子自组装单层膜,ALIAS_OF
蒙特卡洛模拟方法,蒙特卡洛模拟,ALIAS_OF
农作物副产物,农业副产物,ALIAS_OF
血尿素氮,尿素氮,ALIAS_OF
两电子氧还原反应,2电子氧还原反应,ALIAS_OF
受体结构域,受体结合结构域,ALIAS_OF
中医药理疗法,中医药疗法,ALIAS_OF
宏基因组学测序技术,宏基因组测序技术,ALIAS_OF
性能评估指标,性能指标,ALIAS_OF
Krasnosel'skiis不动点定理,Guo-Krasnoselskii不动点定理,ALIAS_OF
膳食风险评估,膳食暴露风险评估,ALIAS_OF
Luminescence,luminescence,ALIAS_OF
营养膳食,膳食营养,ALIAS_OF
红外线热成像,热红外成像,ALIAS_OF
肿瘤靶向性,肿瘤靶向,ALIAS_OF
卓越工程师教育培养,卓越工程师培养,ALIAS_OF
珠江三角洲地区,珠三角地区,ALIAS_OF
服务流程优化,业务流程优化,ALIAS_OF
慢性阻塞性肺气肿,慢性阻塞性肺疾病,ALIAS_OF
光热耦合催化,光热催化,ALIAS_OF
宫颈肿瘤,子宫颈肿瘤,ALIAS_OF
Riccati矩阵方程,Riccati方程,ALIAS_OF
道路表面缺陷检测,道路缺陷检测,ALIAS_OF
新能源电动汽车,新能源汽车,ALIAS_OF
金属–有机骨架材料,金属-有机骨架材料,ALIAS_OF
髋关节置换术,人工全髋关节置换术,ALIAS_OF
地面实验,地面试验,ALIAS_OF
癌性复发恐惧感,癌症复发恐惧,ALIAS_OF
过继细胞疗法,过继性细胞治疗,ALIAS_OF
成簇的规则间隔短回文重复序列,CRISPR,ALIAS_OF
scanning tunnelling microscopy,Scanning Tunneling Microscopy,ALIAS_OF
Molecular,dynamics: Molecular: dynamics,ALIAS_OF
随机捕食-食饵系统,随机捕食-食饵模型,ALIAS_OF
安全可信,可信安全,ALIAS_OF
Langmuir-blodgett film,Langmuir-Blodgett film,ALIAS_OF
Macromolecular assemblies,Macromolecular assembly,ALIAS_OF
糖尿病视网膜病变,糖尿病性视网膜病变,ALIAS_OF
运动心肺试验,心肺运动试验,ALIAS_OF
葡萄糖基转移酶,葡糖基转移酶,ALIAS_OF
抗凝药物,抗凝药,ALIAS_OF
放射疗法,放射治疗,ALIAS_OF
抗病毒药物,抗病毒药,ALIAS_OF
3-二羟基丙酮,二羟基丙酮,ALIAS_OF
偏向性技术进步,偏向型技术进步,ALIAS_OF
数字供应链,供应链数字化,ALIAS_OF
射频微机电系统,射频微机电,ALIAS_OF
激光诱导击穿光谱技术,激光诱导击穿光谱,ALIAS_OF
合作创新,创新合作,ALIAS_OF
安全评估,安全性评估,ALIAS_OF
慢性肾衰,慢性肾功能衰竭,ALIAS_OF
量子密钥分配,量子密钥分发,ALIAS_OF
分子间相互作用,分子间作用力,ALIAS_OF
人机界面,人机交互界面,ALIAS_OF
椭圆算法,椭圆算子,ALIAS_OF
微波集成电路,单片微波集成电路,ALIAS_OF
logistic回归,Logistic回归,ALIAS_OF
档案资源开发,档案信息资源开发,ALIAS_OF
等离子喷涂,等离子体喷涂,ALIAS_OF
Krasnoselskii不动点定理,Guo-Krasnoselskii不动点定理,ALIAS_OF
ratiometric dual emission,Ratiometric Dual Emission,ALIAS_OF
光催化还原CO2,光催化CO2还原,ALIAS_OF
神经科学哲学,神经哲学,ALIAS_OF
组织病理图像分析,病理图像分析,ALIAS_OF
原发性骨质疏松症,原发性骨质疏松,ALIAS_OF
B/Victoria系流感病毒,B-Victoria系流感病毒,ALIAS_OF
先天免疫系统,先天免疫,ALIAS_OF
个性化综合护理,个体化综合护理,ALIAS_OF
机器人控制系统,机器人控制,ALIAS_OF
有机多孔聚合物,多孔有机聚合物,ALIAS_OF
碳基非金属催化剂,碳基催化剂,ALIAS_OF
食饵-捕食模型,捕食者-食饵模型,ALIAS_OF
enzyme,Enzyme,ALIAS_OF
模拟电子技术实验,模拟电子技术与实践,ALIAS_OF
宏基因组学第二代测序技术,宏基因组二代测序,ALIAS_OF
芯片级封装,芯片封装,ALIAS_OF
微生物群落多样性,微生物多样性,ALIAS_OF
流固耦合,流-固耦合,ALIAS_OF
层状双金属氢氧化物,层状双氢氧化物,ALIAS_OF
氧分子活化,分子氧活化,ALIAS_OF
reactive oxygen species,Reactive oxygen species,ALIAS_OF
图形表征,图式表征,ALIAS_OF
Akkermansia.Muciniphila,Akkermansia muciniphila,ALIAS_OF
超分子高分子化学,超分子化学,ALIAS_OF
人乳头瘤病毒human papilloma virus,人乳头瘤病毒(Human papillomavirus),ALIAS_OF
单核细胞与高密度脂蛋白胆固醇比值,单核细胞/高密度脂蛋白胆固醇比值,ALIAS_OF
天体力学,轨道确定: 天体力学:轨道确定,ALIAS_OF
Fermat型方程,Fermat方程,ALIAS_OF
结石成分分析,结石成分,ALIAS_OF
化工制药废水,化学制药废水,ALIAS_OF
功率循环试验,功率循环测试,ALIAS_OF
钢铁生产企业,钢铁企业,ALIAS_OF
偶极环加成,3-偶极环加成,ALIAS_OF
“技术-经济”范式,技术—经济范式,ALIAS_OF
Gabor滤波器,Gabor滤波,ALIAS_OF
肿瘤耐药性,肿瘤耐药,ALIAS_OF
生物发酵法,微生物发酵法,ALIAS_OF
泛函积分微分方程,泛函微分方程,ALIAS_OF
木质纤维生物质,木质纤维,ALIAS_OF
Molecular dynamic,molecular dynamics,ALIAS_OF
炎症性肠道疾病,炎症性肠病,ALIAS_OF
reaction mechanisms,Reaction mechanism,ALIAS_OF
靶向基因,基因靶向,ALIAS_OF
量子信息论,量子信息,ALIAS_OF
机器人手术器械,手术机器人,ALIAS_OF
多重慢病,多重慢性病,ALIAS_OF
智能生成内容,智能内容生成,ALIAS_OF
光催化有机合成,光催化合成,ALIAS_OF
单细胞测序分析技术,单细胞测序技术,ALIAS_OF
跨境电子商务,跨境电商,ALIAS_OF
火星空间环境,火星环境,ALIAS_OF
物理信息神经网络(PINNs),物理信息神经网络(PINN),ALIAS_OF
量子调控,量子态调控,ALIAS_OF
概念系统,概念体系,ALIAS_OF
survival,Survival,ALIAS_OF
慢性呼吸系统疾病,慢性下呼吸道疾病,ALIAS_OF
graphene oxide membranes,Graphene oxide,ALIAS_OF
副猪革拉瑟菌,副猪格拉瑟菌,ALIAS_OF
生成式语言模型,生成式大语言模型,ALIAS_OF
人机智能协作,人机协同智能,ALIAS_OF
寡核苷酸合成技术,寡核苷酸合成,ALIAS_OF
分布特点,分布特征,ALIAS_OF
supra­molecular assembly,Supramolecular assembly,ALIAS_OF
Bert,BERT,ALIAS_OF
α-氨基酸酯基转移酶,α-氨基酸酯酰基转移酶,ALIAS_OF
intrinsically disordered proteins,Intrinsically disordered proteins,ALIAS_OF
比较基因组,比较基因组学,ALIAS_OF
比较基因组分析,比较基因组学,ALIAS_OF
厚膜集成电路,厚膜混合集成电路,ALIAS_OF
有机化工合成,有机化学合成,ALIAS_OF
Coiled-coil,coiled-coil,ALIAS_OF
朴素贝叶斯分类器,朴素贝叶斯分类,ALIAS_OF
气候演变,气候演化,ALIAS_OF
甘油三酯葡萄糖指数,甘油三酯-葡萄糖乘积指数,ALIAS_OF
孟德尔随机化分析,孟德尔随机化,ALIAS_OF
16s r RNA,16S rRNA,ALIAS_OF
灰度投影,灰度值投影,ALIAS_OF
深度学习算法框架,深度学习框架,ALIAS_OF
耐腐蚀性,抗腐蚀性,ALIAS_OF
三维集成系统,三维集成,ALIAS_OF
气阴两虚证,气阴两虚,ALIAS_OF
Maxent模型,MaxEnt模型,ALIAS_OF
纳米铜颗粒,纳米铜粒子,ALIAS_OF
抗菌药耐药,抗微生物药物耐药性,ALIAS_OF
水环境,水体环境,ALIAS_OF
气固两相流,气-固两相流,ALIAS_OF
采摘机械人,采摘机器人,ALIAS_OF
人口迁移,人口迁徙,ALIAS_OF
成纤维细胞激活蛋白,成纤维细胞活化蛋白,ALIAS_OF
疾病预测与预警,疾病监测与预警,ALIAS_OF
微生物合成法,微生物合成,ALIAS_OF
胃肠功能障碍,胃肠功能紊乱,ALIAS_OF
集成电路制造装备,集成电路制造,ALIAS_OF
光学相干断层扫描,光学相干断层成像,ALIAS_OF
心脑血管病风险,心脑血管疾病风险,ALIAS_OF
内镜黏膜下剥离术,内镜下黏膜下剥离术,ALIAS_OF
农产品电商供应链,农产品供应链,ALIAS_OF
injectable hydrogel,Injectable hydrogel,ALIAS_OF
information encryption,Information encryption,ALIAS_OF
社区卫生服务站,社区卫生服务中心,ALIAS_OF
神经元损伤,神经损伤,ALIAS_OF
穴位贴敷法,穴位敷贴,ALIAS_OF
中文电子病历文本,中文电子病历,ALIAS_OF
proton conduction,Proton conduction,ALIAS_OF
模型试验,实验模型,ALIAS_OF
人字齿轮行星轮系,人字行星齿轮,ALIAS_OF
余弦相似性,余弦相似度,ALIAS_OF
发酵工艺优化,发酵优化,ALIAS_OF
反应扩散方程组,反应扩散方程,ALIAS_OF
仿生嗅觉传感,仿生嗅觉,ALIAS_OF
可变卷积,可变形卷积,ALIAS_OF
冠心病(冠状动脉粥样硬化性心脏病),冠心病,ALIAS_OF
干预研究,干预性研究,ALIAS_OF
脓毒症心肌病,脓毒性心肌病,ALIAS_OF
量子信息科学技术,量子信息,ALIAS_OF
过渡金属基电催化剂,过渡金属催化剂,ALIAS_OF
中老年人,中老年,ALIAS_OF
deep learning,Deep learning,ALIAS_OF
急性心肌梗死,心肌梗死,ALIAS_OF
低碳闭环供应链,低碳供应链,ALIAS_OF
变分法,变分方法,ALIAS_OF
蛋白基因组学,蛋白—基因组学,ALIAS_OF
氧连接的β-N-乙酰葡萄糖胺修饰,氧连β-N-乙酰葡糖胺修饰,ALIAS_OF
轻量级模型,模型轻量化,ALIAS_OF
传染性法氏囊病病毒,传染性法氏囊病毒,ALIAS_OF
metal-organic framework,Metal-Organic Frameworks,ALIAS_OF
聚合物复合物,聚合物基复合材料,ALIAS_OF
Host‐guest complexes,host-guest complexation,ALIAS_OF
self‐assembly,Self-assembly,ALIAS_OF
土壤理化性状,土壤理化性质,ALIAS_OF
Bertopic,BERTopic,ALIAS_OF
actuators,actuator,ALIAS_OF
Non-Covalent Interactions,Non-covalent interactions,ALIAS_OF
自适应模糊控制,模糊自适应控制,ALIAS_OF
DFT Calculations,DFT calculations,ALIAS_OF
photodynamic therapy,Photodynamic therapy,ALIAS_OF
物流服务供应链,物流供应链,ALIAS_OF
多波束测深系统,多波束测深仪,ALIAS_OF
自主神经,自主神经系统,ALIAS_OF
self-assembly,Self-assembly,ALIAS_OF
心脑血管不良事件,不良心脑血管事件,ALIAS_OF
系统控制,控制系统,ALIAS_OF
猪轮状病毒病,猪轮状病毒,ALIAS_OF
strong coupling,Strong coupling,ALIAS_OF
电容性能,电容器性能,ALIAS_OF
cpsG,CpG,ALIAS_OF
吡啶衍生物,吡啶环衍生物,ALIAS_OF
single-molecule imaging,Single-molecule imaging,ALIAS_OF
肺康复,肺功能康复,ALIAS_OF
卷积自注意力,卷积注意力,ALIAS_OF
基因组工程,基因工程,ALIAS_OF
创伤后应激障碍症状,创伤后应激障碍,ALIAS_OF
Post-CMP cleaning,Post-CMP Cleaning,ALIAS_OF
超短期光伏发电预测,超短期光伏功率预测,ALIAS_OF
风险与应对,风险应对,ALIAS_OF
鼠疫耶尔森氏菌,鼠疫耶尔森菌,ALIAS_OF
电催化CO2RR,电催化CO2还原,ALIAS_OF
获得性免疫缺陷综合症,获得性免疫缺陷综合征,ALIAS_OF
2D-functionalization,2D-Functionalization,ALIAS_OF
受体结合域,受体结合结构域,ALIAS_OF
农业空间,农业生产空间,ALIAS_OF
干细胞疗法,干细胞治疗,ALIAS_OF
上皮间充质转化,上皮-间充质转化,ALIAS_OF
机械化学合成,机械力化学合成,ALIAS_OF
锰催化,锰催化剂,ALIAS_OF
轻度认知障碍,轻度认知功能障碍,ALIAS_OF
H9N2禽流感病毒,H9N2亚型禽流感病毒,ALIAS_OF
Competitive pathways,Competing Pathways,ALIAS_OF
中心性肥胖,中心型肥胖,ALIAS_OF
Host–guest interaction,Host-Guest interaction,ALIAS_OF
幽门螺旋杆菌,幽门螺杆菌,ALIAS_OF
代数多重网格法,代数多重网格,ALIAS_OF
后量子密码学,后量子密码,ALIAS_OF
音乐疗法,音乐治疗,ALIAS_OF
蛋白质纯化,蛋白纯化,ALIAS_OF
fluorescence,Fluorescence,ALIAS_OF
行星和卫星:探测,行星与卫星:探测,ALIAS_OF
针药结合,针药并用,ALIAS_OF
超分子结构水凝胶,超分子水凝胶,ALIAS_OF
平衡记分卡,平衡计分卡,ALIAS_OF
functional materials,Functional materials,ALIAS_OF
特大型城市,特大城市,ALIAS_OF
人类巨细胞病毒,人巨细胞病毒,ALIAS_OF
马克思政治经济学,马克思主义政治经济学,ALIAS_OF
银行竞争,银行业竞争,ALIAS_OF
炎症小体,炎性小体,ALIAS_OF
肾透明细胞癌,透明细胞肾细胞癌,ALIAS_OF
莱布尼茨代数,莱布尼兹代数,ALIAS_OF
苯并呋喃氮杂二烯(BDAs),苯并呋喃氮杂二烯,ALIAS_OF
数字化实验,实验数字化,ALIAS_OF
痛性糖尿病周围神经病变,糖尿病周围神经病变,ALIAS_OF
基层卫生机构,基层卫生单位,ALIAS_OF
银屑病性关节炎,银屑病关节炎,ALIAS_OF
多酚类物质,多酚类成分,ALIAS_OF
酶合成法,酶法合成,ALIAS_OF
分子学机制,分子生物学机制,ALIAS_OF
膝关节骨关节炎,膝骨关节炎,ALIAS_OF
Fractional differential equation,Fractional differential equations,ALIAS_OF
G蛋白偶联受体家族,G蛋白偶联受体,ALIAS_OF
蝗虫视觉神经,蝗虫视神经系统,ALIAS_OF
macromolecular assemblies,Macromolecular assembly,ALIAS_OF
RNA seq,RNA-Seq,ALIAS_OF
金属有机骨架,金属-有机骨架材料,ALIAS_OF
药物传递,药物传输,ALIAS_OF
CO（优先）氧化,CO优先氧化,ALIAS_OF
冷却速率,冷却速度,ALIAS_OF
农业生产模式,农业生产方式,ALIAS_OF
识别分类,分类识别,ALIAS_OF
神经微分方程,神经常微分方程,ALIAS_OF
术后并发症,手术后并发症,ALIAS_OF
π-π堆积,π-π堆叠,ALIAS_OF
口腔微生物群,口腔微生物,ALIAS_OF
供配电分系统,供配电系统,ALIAS_OF
健康科普教育,健康教育,ALIAS_OF
中医药健康管理,中医健康管理,ALIAS_OF
scanning electron microscopy,Scanning electron microscopy,ALIAS_OF
免疫荧光染色,免疫荧光,ALIAS_OF
自动化测试设备,自动化测试,ALIAS_OF
量子密码通信,量子密码网络,ALIAS_OF
商业载人航天器,商业载人航天,ALIAS_OF
癌症复发恐惧感,癌症复发恐惧,ALIAS_OF
婴幼儿,婴儿,ALIAS_OF
替代决策,决策替代,ALIAS_OF
活禽市场,活禽交易市场,ALIAS_OF
supramolecular self-assemblies,Supramolecular self-assembly,ALIAS_OF
国产替代,国产化替代,ALIAS_OF
脂质纳米颗粒,脂质体纳米颗粒,ALIAS_OF
供应链部分中断,供应链中断,ALIAS_OF
mechanical property,mechanical properties,ALIAS_OF
氢析出反应,析氢反应,ALIAS_OF
metal coordination,Metal coordination,ALIAS_OF
催化剂构效关系,催化剂构-效关系,ALIAS_OF
靶点治疗,靶向治疗,ALIAS_OF
透射电子显微术,透射电子显微学,ALIAS_OF
暹罗芽胞杆菌,暹罗芽孢杆菌,ALIAS_OF
结核分杆菌,结核分枝杆菌,ALIAS_OF
Graph neural networks,Graph neural network,ALIAS_OF
酶免疫实验,酶免疫试验,ALIAS_OF
实体和关系联合抽取,实体关系抽取,ALIAS_OF
契约协调,协调契约,ALIAS_OF
治疗药物,药物治疗,ALIAS_OF
产业现状,产业发展现状,ALIAS_OF
智能车,智能汽车,ALIAS_OF
平均持续,平均持久,ALIAS_OF
外膜囊泡,外囊泡,ALIAS_OF
公理化的矩阵半张量积,矩阵半张量积,ALIAS_OF
产后抑郁症,产后抑郁,ALIAS_OF
结肠炎相关结肠癌,炎症相关结直肠癌,ALIAS_OF
正电子发射断层显像,正电子发射断层扫描,ALIAS_OF
智能化信息平台,信息化智能平台,ALIAS_OF
经内镜逆行胰胆管造影术,内镜逆行胰胆管造影术,ALIAS_OF
辐照损伤,辐射损伤,ALIAS_OF
三维集成架构,三维集成,ALIAS_OF
银纳米粒子,纳米银粒子,ALIAS_OF
流体动力学,流体力学,ALIAS_OF
antibacteria,Antibacterial,ALIAS_OF
马尔科夫链蒙特卡洛方法(MCMC),马尔可夫链蒙特卡洛方法(MCMC),ALIAS_OF
X射线荧光分析,X射线荧光光谱法,ALIAS_OF
ionic liquid,Ionic liquid,ALIAS_OF
Kano模型,KANO模型,ALIAS_OF
药物废水,制药废水,ALIAS_OF
类风湿性关节炎,类风湿关节炎,ALIAS_OF
基于主体的模型,基于主体模型,ALIAS_OF
对抗生成网络,生成对抗网络,ALIAS_OF
calixarenes,Calixarenes,ALIAS_OF
序列分解,序列分析,ALIAS_OF
small-angle X-ray scattering,Small-angle X-ray scattering,ALIAS_OF
Host–guest interactions,Host-Guest interactions,ALIAS_OF
研究特点,研究特征,ALIAS_OF
抗癌药物,抗癌药,ALIAS_OF
甲状腺功能减退症,甲状腺功能减退,ALIAS_OF
高考化学题,高考化学试题,ALIAS_OF
中医药理论,中医理论,ALIAS_OF
中华传统文化,中华优秀传统文化,ALIAS_OF
流感病毒疫苗,流感疫苗,ALIAS_OF
脑缺血/再灌注损伤,脑缺血-再灌注损伤,ALIAS_OF
intermolecular interaction,Intermolecular interaction,ALIAS_OF
Structural analysis.,Structural analysis,ALIAS_OF
“双链”融合,双链融合,ALIAS_OF
聚N-异丙基丙烯酰胺(PNIPAM),聚(N-异丙基丙烯酰胺),ALIAS_OF
量子秘钥约定,量子密钥约定,ALIAS_OF
治疗靶点,治疗靶标,ALIAS_OF
问答对匹配,问答匹配,ALIAS_OF
健康管理干预,健康干预管理,ALIAS_OF
soft materials,Soft materials,ALIAS_OF
重组血清4型禽腺病毒,禽腺病毒血清4型,ALIAS_OF
集聚程度,集聚度,ALIAS_OF
CCD相机,CCD摄像机,ALIAS_OF
电解水制氢,水电解制氢,ALIAS_OF
nanofibers,Nanofiber,ALIAS_OF
-cucurbit[10]uril,cucurbit[10]uril,ALIAS_OF
噬菌体展示随机多肽,噬菌体展示多肽,ALIAS_OF
直流无刷电机,无刷直流电机,ALIAS_OF
BCI代数,BCI-代数,ALIAS_OF
最小抑菌浓度,最低抑菌浓度,ALIAS_OF
分子标记物,分子标志物,ALIAS_OF
大气污染物,大气污染,ALIAS_OF
不确定性,不确定度,ALIAS_OF
人胶原蛋白,胶原蛋白,ALIAS_OF
冠状动脉微血管疾病(CMVD),冠状动脉微循环功能障碍,ALIAS_OF
粘膜免疫,黏膜免疫,ALIAS_OF
中老年人群,老年人群,ALIAS_OF
多主体协同,多主体协作,ALIAS_OF
Pathway complexity,Pathway Complexity,ALIAS_OF
生物学标记,生物标志物,ALIAS_OF
Amphiphilic polypeptide,Amphiphilic peptide,ALIAS_OF
学科交叉融合,多学科交叉融合,ALIAS_OF
社区慢性病防治,社区慢性病管理,ALIAS_OF
整合技术,技术整合,ALIAS_OF
老年痴呆,老年性痴呆,ALIAS_OF
molecular self-assembly,Molecular self-assembly,ALIAS_OF
tunable multicolored,Tunable multicolor,ALIAS_OF
molecular machines,Molecular machines,ALIAS_OF
病理生理机制,病理生理学机制,ALIAS_OF
photoresponsive materials,photoresponsive material,ALIAS_OF
射血分数降低的心力衰竭,射血分数减低型心力衰竭,ALIAS_OF
疫苗免疫效果,疫苗效果,ALIAS_OF
supramolecular self-assembly,Supramolecular self-assembly,ALIAS_OF
“双碳”战略,双碳战略,ALIAS_OF
Self-assembling,Self-assembly,ALIAS_OF
刚棒线团分子,刚棒-线团分子,ALIAS_OF
非传染性慢性疾病,慢性非传染性疾病,ALIAS_OF
课程实践,实践课程,ALIAS_OF
Sj26gst,Sj26GST,ALIAS_OF
西医疗法,西医学疗法,ALIAS_OF
免疫药物,免疫治疗药物,ALIAS_OF
生物质炭基催化剂,炭基催化剂,ALIAS_OF
化学合成法,化学合成,ALIAS_OF
智能检测,智能化检测,ALIAS_OF
臭氧（O3）污染,臭氧(O3),ALIAS_OF
变模态分解,变分模态分解,ALIAS_OF
碳水化合物活性酶类,碳水化合物活性酶,ALIAS_OF
双向长短时记忆网络,双向长短期记忆网络,ALIAS_OF
外语教育与研究,外语教学与研究,ALIAS_OF
PLC控制器,PLC控制,ALIAS_OF
感染后咳嗽,呼吸道感染后咳嗽,ALIAS_OF
VIT,ViT,ALIAS_OF
Kras,KRAS,ALIAS_OF
公共电动车充电桩,公共充电桩,ALIAS_OF
昼夜节律性,昼夜节律,ALIAS_OF
Noncovalent interactions,Non-covalent interactions,ALIAS_OF
纳米递药系统,纳米药物递送系统,ALIAS_OF
含氯有机物,含氯挥发性有机物,ALIAS_OF
非特异性免疫力,非特异性免疫,ALIAS_OF
生物聚酯,生物基聚酯,ALIAS_OF
化工制药,化学制药,ALIAS_OF
远程管理控制,远程控制,ALIAS_OF
Supramolecular assembling,Supramolecular assembly,ALIAS_OF
机器人智能抓取,机器人抓取,ALIAS_OF
纺织行业,纺织业,ALIAS_OF
药理活性,药物活性,ALIAS_OF
分布式表征,分布式表示,ALIAS_OF
扩散传染病模型,扩散SIR传染病模型,ALIAS_OF
产量估计,产量估算,ALIAS_OF
火星探测器,火星探测,ALIAS_OF
罗伊氏粘液乳杆菌,罗伊氏黏液乳杆菌,ALIAS_OF
肾综合征出血热(流行性出血热),肾综合征出血热,ALIAS_OF
MCM－41,MCM-41,ALIAS_OF
Supra­molecular assembly,Supramolecular assembly,ALIAS_OF
ion channel,Ion channel,ALIAS_OF
辅助诊疗系统,辅助诊断系统,ALIAS_OF
癌症免疫疗法,癌症免疫治疗,ALIAS_OF
大语言模型(LLM),大型语言模型(LLM),ALIAS_OF
超效率SBM模型,SBM超效率模型,ALIAS_OF
急性上呼吸道感染,上呼吸道感染,ALIAS_OF
蛋白结构预测,蛋白质结构预测,ALIAS_OF
演变趋势,演化趋势,ALIAS_OF
糖尿病肾脏病,糖尿病肾病,ALIAS_OF
再次感染,再感染,ALIAS_OF
电解水析氢,水电解制氢,ALIAS_OF
oligomerization,Oligomerization,ALIAS_OF
反应分子动力学,分子反应动力学,ALIAS_OF
Pt基催化剂,Pt催化剂,ALIAS_OF
转化生长因子β,转化生长因子-β,ALIAS_OF
气虚血瘀证,气虚血瘀,ALIAS_OF
mol­ecular conformation,Molecular conformation,ALIAS_OF
无线传感网,无线传感器网络,ALIAS_OF
微分差分方程,微分-差分方程,ALIAS_OF
Matlab GUI,MATLAB GUI,ALIAS_OF
单核细胞高密度脂蛋白胆固醇比值,单核细胞/高密度脂蛋白胆固醇比值,ALIAS_OF
过敏性皮肤疾病,过敏性疾病,ALIAS_OF
immunotherapy,Immunotherapy,ALIAS_OF
环化氧化,氧化环化,ALIAS_OF
神经—影像,神经影像,ALIAS_OF
joinpoint回归模型,Joinpoint回归模型,ALIAS_OF
胃肠道肿瘤,胃肠肿瘤,ALIAS_OF
腺病毒载体疫苗,腺病毒疫苗,ALIAS_OF
molecular conformation,Molecular conformation,ALIAS_OF
interfacial supramolecular assembly,interfacial assembly,ALIAS_OF
马流产沙门菌,马流产沙门氏菌,ALIAS_OF
病毒载体疫苗,活载体疫苗,ALIAS_OF
中医药,中医中药,ALIAS_OF
芯片制造企业,芯片企业,ALIAS_OF
self-aggregation,Self-Aggregation,ALIAS_OF
小分子水凝胶,小分子凝胶,ALIAS_OF
心血管磁共振成像,心血管磁共振,ALIAS_OF
医学图像计算,医学图像处理,ALIAS_OF
数字平台,数字化平台,ALIAS_OF
6D姿态估计,6D位姿估计,ALIAS_OF
低共融溶剂,低共溶溶剂,ALIAS_OF
重组酶介导等温扩增,重组酶介导的等温扩增,ALIAS_OF
肝脏炎症,肝炎,ALIAS_OF
反向遗传技术,反向遗传学,ALIAS_OF
piperazines,Piperazines,ALIAS_OF
小天体,近地小行星: 小天体:近地小行星,ALIAS_OF
优化理论分析,优化理论,ALIAS_OF
水果采摘机器人,智能水果采摘机器人,ALIAS_OF
超分子主体化合物,超分子化合物,ALIAS_OF
模态分解,变分模态分解,ALIAS_OF
精细复合多尺度离散熵,精细复合多尺度散度熵,ALIAS_OF
乳腺增生症,乳腺增生,ALIAS_OF
MHCⅠ类分子,MHC Ⅰ类分子,ALIAS_OF
COX回归,Cox回归,ALIAS_OF
YOLOV5s,YOLOv5s,ALIAS_OF
肝炎症,肝炎,ALIAS_OF
Host–Guest Chemistry,Host-guest chemistry,ALIAS_OF
社交网络平台,社交平台,ALIAS_OF
NOD样受体蛋白3(NLRP3)炎症小体,NOD样受体家族蛋白3炎症小体,ALIAS_OF
数字孪生体,数字孪生,ALIAS_OF
泛猫白细胞减少综合症病毒,猫泛白细胞减少症病毒,ALIAS_OF
Citespace,CiteSpace,ALIAS_OF
DNA存储,DNA信息存储,ALIAS_OF
fluorescence probe,Fluorescent probe,ALIAS_OF
Banach压缩映像原理,Banach压缩映射原理,ALIAS_OF
终生学习,终身学习,ALIAS_OF
多黏菌素,多粘菌素,ALIAS_OF
非贵金属电催化剂,非贵金属催化剂,ALIAS_OF
猪伪狂犬病毒,猪伪狂犬病病毒,ALIAS_OF
morphology,Morphology,ALIAS_OF
Sadovskii’s不动点定理,Sadovskii不动点定理,ALIAS_OF
化学合成类药物,化学原料药,ALIAS_OF
血管衰老,血管老化,ALIAS_OF
nanomaterial,Nanomaterial,ALIAS_OF
多/高光谱影像,多光谱影像,ALIAS_OF
中药提取物,中草药提取物,ALIAS_OF
碳基气凝胶,碳气凝胶,ALIAS_OF
人端粒酶逆转录酶,端粒酶逆转录酶,ALIAS_OF
慢性前列腺炎/慢性骨盆疼痛综合征,慢性前列腺炎/慢性盆腔疼痛综合征,ALIAS_OF
神经调节,神经调控,ALIAS_OF
阿尔兹海默病,阿尔茨海默病,ALIAS_OF
16s rRNA测序技术,16S rRNA测序技术,ALIAS_OF
铁基金属有机框架材料,铁基金属有机框架,ALIAS_OF
生物催化技术,生物催化剂,ALIAS_OF
医学伦理学,医学伦理,ALIAS_OF
科研情境,科研场景,ALIAS_OF
蒙特卡洛模拟法,蒙特卡洛模拟,ALIAS_OF
分数阶随机SIRD模型,分数阶时变随机SIRD模型,ALIAS_OF
航天薄壁构件,航天薄壁件,ALIAS_OF
体育运动训练,体育训练,ALIAS_OF
hydrogen bond,Hydrogen bond,ALIAS_OF
混合教学,混合式教学,ALIAS_OF
载人航天工程,中国载人航天工程,ALIAS_OF
金刚石对顶,金刚石对顶砧,ALIAS_OF
猪流行腹泻病毒,猪流行性腹泻病毒,ALIAS_OF
植物提取物,植物提取,ALIAS_OF
无监督领域自适应,无监督域自适应,ALIAS_OF
智能图书馆,智慧图书馆,ALIAS_OF
生物标记,生物标志物,ALIAS_OF
血凝素-神经氨酸酶蛋白(HN),血凝素-神经氨酸酶(HN),ALIAS_OF
实验创新,创新实验,ALIAS_OF
镜像神经系统,镜像神经元,ALIAS_OF
社区卫生服务机构,社区卫生服务中心,ALIAS_OF
天地一体化网络,天地一体化信息网络,ALIAS_OF
nanofiber,Nanofiber,ALIAS_OF
语言行为理论,言语行为理论,ALIAS_OF
肺部功能,肺功能,ALIAS_OF
生态系统服务簇,生态系统服务,ALIAS_OF
傅里叶变换红外显微光谱,傅立叶变换红外光谱,ALIAS_OF
structure,Structure,ALIAS_OF
口腔癌症,口腔癌,ALIAS_OF
人工智能(AI)技术,人工智能(AI),ALIAS_OF
高新技术产业,高技术产业,ALIAS_OF
超导纳米线单光子探测,超导纳米线单光子探测器,ALIAS_OF
行星变速箱,行星变速器,ALIAS_OF
低分子量肝素,低分子肝素,ALIAS_OF
多酶级联反应器,多酶级联催化,ALIAS_OF
微低重力环境模拟,微重力环境模拟,ALIAS_OF
地质大数据观,地质大数据,ALIAS_OF
提取法,提取方法,ALIAS_OF
工业绿色转型,制造业绿色转型,ALIAS_OF
Sulfated-β-cyclodextrin,Sulfated β-cyclodextrin,ALIAS_OF
有机无机杂化材料,有机-无机杂化材料,ALIAS_OF
Logistic回归分析,Logistic回归,ALIAS_OF
智能管理,智能化管理,ALIAS_OF
支持性照顾需求,支持性照护需求,ALIAS_OF
cGAS/STING通路,cGAS-STING通路,ALIAS_OF
化学机械抛光(CMP),化学机械抛光,ALIAS_OF
multicharged supramolecular assembly,Multivalent supramolecular assembly,ALIAS_OF
产业园区,产业园,ALIAS_OF
传染性单核细胞增多,传染性单核细胞增多症,ALIAS_OF
Poly(I,C): Poly(I:C),ALIAS_OF
金属有机框架,金属-有机框架,ALIAS_OF
生物-化学合成途径,生物化学合成途径,ALIAS_OF
apoptosis,Apoptosis,ALIAS_OF
碳价预测,碳价格预测,ALIAS_OF
laplace变换,Laplace变换,ALIAS_OF
癌症症状群,癌症症状,ALIAS_OF
数控加工技术,数控加工,ALIAS_OF
检索模型,检索式模型,ALIAS_OF
微信平台,微信公众号,ALIAS_OF
根治手术,根治性手术,ALIAS_OF
电化学二氧化碳还原,二氧化碳电还原,ALIAS_OF
“三全”健康管理,三全健康管理,ALIAS_OF
中医模型,中医大模型,ALIAS_OF
共振光散射技术,共振光散射光谱,ALIAS_OF
Supramolecular networks,Supramolecular network,ALIAS_OF
温敏水凝胶,温敏性水凝胶,ALIAS_OF
水滴数论分档随机喷溅,水滴分档随机喷溅,ALIAS_OF
nitric oxide,Nitric oxide,ALIAS_OF
rhodium,Rhodium,ALIAS_OF
酶联免疫吸附试验,酶联免疫吸附法,ALIAS_OF
多智能体集群控制,多智能体协同控制,ALIAS_OF
基因比较分析,比较基因组学,ALIAS_OF
微机电系统技术,微机电系统,ALIAS_OF
代谢功能障碍相关脂肪性肝病,代谢相关脂肪性肝病,ALIAS_OF
cryo-TEM,Cryo-TEM,ALIAS_OF
典型肥厚型心肌病,肥厚型心肌病,ALIAS_OF
环碳酸酯,环状碳酸酯,ALIAS_OF
性别间差异,性别差异,ALIAS_OF
人因可靠性分析方法,人因可靠性分析,ALIAS_OF
脾肾阳虚,脾肾阳虚证,ALIAS_OF
纳米递送系统,纳米递送体系,ALIAS_OF
polymerization,Polymerization,ALIAS_OF
双边滤波器,双边滤波,ALIAS_OF
破火山口构造,破火山口,ALIAS_OF
绝缘栅双极晶体管,绝缘栅双极型晶体管,ALIAS_OF
苯甘氨酸,苯丙氨酸,ALIAS_OF
新科技革命,新技术革命,ALIAS_OF
enantioselective material,Enantioselective Material,ALIAS_OF
血脂代谢异常,血脂异常,ALIAS_OF
轻质高强金属材料,轻质高强金属,ALIAS_OF
猪急性腹泻综合征冠状病毒(SADS-CoV),猪急性腹泻综合征冠状病毒,ALIAS_OF
最大熵理论,最大熵原理,ALIAS_OF
蒙特卡罗,蒙特卡洛法,ALIAS_OF
轻量化算法,算法轻量化,ALIAS_OF
动力可靠度,动力可靠性,ALIAS_OF
铁基催化剂,铁催化剂,ALIAS_OF
挥发性有机物污染,挥发性有机污染物,ALIAS_OF
试验样本,试验样品,ALIAS_OF
疾病防控,疾病防护,ALIAS_OF
conjugated polymers,Conjugated polymers,ALIAS_OF
灰色关联度分析,灰色关联分析,ALIAS_OF
量子认证系统,量子认证,ALIAS_OF
coumarin,Coumarin,ALIAS_OF
医药行业,医药医疗行业,ALIAS_OF
快递物流企业,快递企业,ALIAS_OF
跨模态信息融合,多模态信息融合,ALIAS_OF
β-酮烯胺,β-烯胺酮,ALIAS_OF
辐射机制,热辐射: 辐射机制:热辐射,ALIAS_OF
受体结合区,受体结合结构域,ALIAS_OF
离线编程系统,离线编程,ALIAS_OF
思路方法,思路和方法,ALIAS_OF
医疗影像分割,医学影像分割,ALIAS_OF
YOLO v4,YOLO V4,ALIAS_OF
重组外膜囊泡疫苗,外膜囊泡疫苗,ALIAS_OF
drug delivery,Drug delivery,ALIAS_OF
双注意力机制,双向注意力机制,ALIAS_OF
气道炎症,气道慢性炎症,ALIAS_OF
重组亚单位候选疫苗,重组亚单位疫苗,ALIAS_OF
多机器人协同,多机器人协作,ALIAS_OF
Fluorescence probes,Fluorescent probes,ALIAS_OF
脉冲激光器,脉冲激光,ALIAS_OF
photosynthesis,Photosynthesis,ALIAS_OF
农作物病虫害防治,作物病虫害防治,ALIAS_OF
aggregation induced emission,Aggregation-Induced Emission,ALIAS_OF
前交叉韧带重建术,前交叉韧带重建,ALIAS_OF
多药耐药性,多药耐药,ALIAS_OF
弥漫性大B细胞淋巴瘤,弥漫大B细胞淋巴瘤,ALIAS_OF
stochastic variable delay differential equation,Stochastic variable delay differential equations,ALIAS_OF
语言大模型,大型语言模型,ALIAS_OF
血管通道,血管通路,ALIAS_OF
射血分数保留的心力衰竭,射血分数保留性心力衰竭,ALIAS_OF
热轧钢带,热轧带钢,ALIAS_OF
肠道菌群-肠-脑轴,微生物-肠-脑轴,ALIAS_OF
Euler-Marryama方法,Euler-Maruyama方法,ALIAS_OF
心血管手术,心血管外科手术,ALIAS_OF
病原学检测,病原体检测,ALIAS_OF
癌症患者照顾者,癌症患者家庭照顾者,ALIAS_OF
原子力显微镜（AFM）,原子力显微镜(AFM),ALIAS_OF
老年2型糖尿病患者,老年2型糖尿病,ALIAS_OF
并行代数多重网格法,代数多重网格,ALIAS_OF
农作物收入保险,农业收入保险,ALIAS_OF
主题相似性,主题相似度,ALIAS_OF
灰狼优化算法(GWO),灰狼优化算法,ALIAS_OF
禽畜粪便,畜禽粪便,ALIAS_OF
分子生物技术,分子生物学技术,ALIAS_OF
文本量化研究,文本量化,ALIAS_OF
halogen bonding,Halogen bonding,ALIAS_OF
数据和模型联合驱动,数据与模型混合驱动,ALIAS_OF
智慧化养老,智慧养老,ALIAS_OF
动态热机械分析,动态机械热分析,ALIAS_OF
生产安全,安全生产,ALIAS_OF
猪源多杀性巴氏杆菌,猪多杀性巴氏杆菌,ALIAS_OF
药理研究,药学研究,ALIAS_OF
同时定位与地图创建,同时定位与地图构建,ALIAS_OF
视觉认知,视觉感知,ALIAS_OF
水分解产氢,水分解制氢,ALIAS_OF
齿圈柔性,内齿圈柔性,ALIAS_OF
高功率,大功率,ALIAS_OF
骨性关节炎,骨关节炎,ALIAS_OF
行星和卫星: 探测,行星与卫星:探测,ALIAS_OF
aggregation,Aggregation,ALIAS_OF
水库防洪调度,水库调度,ALIAS_OF
轻量化设计,轻量化,ALIAS_OF
SWOT-PEST分析法,PEST-SWOT分析,ALIAS_OF
半解析法,半解析方法,ALIAS_OF
大单元整体教学,单元整体教学,ALIAS_OF
分子电子器件,分子器件,ALIAS_OF
教育中的人工智能,人工智能与教育,ALIAS_OF
倾向评分匹配,倾向性评分匹配,ALIAS_OF
政策量化评估,政策量化评价,ALIAS_OF
指数多项式,指数型多项式,ALIAS_OF
Citespace软件,CiteSpace软件,ALIAS_OF
吸附机理,吸附机制,ALIAS_OF
现场可编程门阵列(FPGA),现场可编程逻辑门阵列(FPGA),ALIAS_OF
慢性呼吸道疾病,慢性下呼吸道疾病,ALIAS_OF
拓扑优化设计,拓扑优化,ALIAS_OF
金属共价有机框架,金属-有机框架,ALIAS_OF
拓展卡尔曼滤波,扩展卡尔曼滤波,ALIAS_OF
hydrogels,Hydrogel,ALIAS_OF
基因组分型,基因分型,ALIAS_OF
冷链物流,冷链服务,ALIAS_OF
严重急性呼吸综合征冠状病毒-2,严重急性呼吸系统综合征冠状病毒2型(SARS-CoV-2),ALIAS_OF
C—S键构建,C-S键构建,ALIAS_OF
Vision Transformers,Vision Transformer,ALIAS_OF
细胞毒性T淋巴细胞表位,细胞毒性T淋巴细胞(CTL)表位,ALIAS_OF
生物微机电系统技术,生物微机电系统,ALIAS_OF
虚气留滞,虚气流滞,ALIAS_OF
4’-二硫联吡啶,4'-二硫联吡啶,ALIAS_OF
癌症晚期,晚期癌症,ALIAS_OF
半导体行业,半导体产业,ALIAS_OF
电子电器材料,电子材料,ALIAS_OF
流行特点,流行特征,ALIAS_OF
octahedral,Octahedral,ALIAS_OF
政府数据开放,政府开放数据,ALIAS_OF
钴配合物,钴(Ⅲ)配合物,ALIAS_OF
磁电耦合,电磁耦合,ALIAS_OF
chirality,Chirality,ALIAS_OF
地震探测,地震勘探,ALIAS_OF
天然酚类化合物,酚类化合物,ALIAS_OF
淀粉粒,淀粉,ALIAS_OF
SWOT-PEST分析,PEST-SWOT分析,ALIAS_OF
捷联惯性导航系统,捷联惯性导航,ALIAS_OF
猪δ冠状病毒,猪δ-冠状病毒,ALIAS_OF
可见/近红外光谱技术,可见/近红外光谱,ALIAS_OF
精确治疗,精准治疗,ALIAS_OF
易感群体,易感人群,ALIAS_OF
创新型人才培养,创新人才培养,ALIAS_OF
Supramolecular synthon,Supramolecular Synthons,ALIAS_OF
社区居家养老,社区养老,ALIAS_OF
host-guest chemistry,Host-guest chemistry,ALIAS_OF
人白细胞介素-10,白细胞介素-10,ALIAS_OF
Multicomponent crystals,Multicomponent Crystals,ALIAS_OF
药敏试验,体外药敏试验,ALIAS_OF
氧化纳米锌,纳米氧化锌,ALIAS_OF
H9亚型禽流感病毒,H9N2亚型禽流感病毒,ALIAS_OF
硬件结构,硬件架构,ALIAS_OF
杆状病毒-昆虫细胞表达系统,昆虫杆状病毒表达系统,ALIAS_OF
生物分子检测,分子生物学检测,ALIAS_OF
诊断标志物,诊断标志,ALIAS_OF
烟酰胺磷酸核糖转移酶,烟酰胺磷酸核糖基转移酶,ALIAS_OF
细胞疗法,细胞治疗,ALIAS_OF
分布式能源,分布式新能源,ALIAS_OF
靶点药物,药物靶点,ALIAS_OF
共振光散射法,共振光散射光谱,ALIAS_OF
双模功率分流式,功率分流式,ALIAS_OF
生物法合成,生物合成法,ALIAS_OF
信号传递,信号传导,ALIAS_OF
一锅法,“一锅”法,ALIAS_OF
fullerene,Fullerene,ALIAS_OF
Cr（Ⅵ）还原,Cr(Ⅵ)还原,ALIAS_OF
Noncovalent interaction,Non-covalent interactions,ALIAS_OF
磷酸化蛋白组学,磷酸化蛋白质组学,ALIAS_OF
CLP-pixel,CLP-PIXEL,ALIAS_OF
盆底功能障碍性疾病,盆底功能障碍,ALIAS_OF
中断时间序列设计,中断时间序列,ALIAS_OF
molecular recognition,Molecular recognition,ALIAS_OF
脑血管病,脑血管疾病,ALIAS_OF
网状meta分析,网状Meta分析,ALIAS_OF
melamine-barbiturate,Melamine barbiturate,ALIAS_OF
生物炭催化剂,炭基催化剂,ALIAS_OF
农产品质量安全,农产品安全,ALIAS_OF
税收优惠政策,税收优惠,ALIAS_OF
关键核心技术突破,关键技术,ALIAS_OF
cryo-EM,Cryo-EM,ALIAS_OF
制造型中小企业,中小制造企业,ALIAS_OF
心衰发展危险因素,心衰危险因素,ALIAS_OF
半导体光催化剂,半导体光催化,ALIAS_OF
noncovalent interactions,Non-covalent interactions,ALIAS_OF
“国家级大数据综合试验区”,国家级大数据综合试验区,ALIAS_OF
认知层级,认知层次,ALIAS_OF
肝脏代谢,肝代谢,ALIAS_OF
功能调控元件,调控元件,ALIAS_OF
微生物-脑-肠轴,微生物-肠-脑轴,ALIAS_OF
Tg,TG,ALIAS_OF
结肠炎相关性结直肠癌,炎症相关结直肠癌,ALIAS_OF
神经-内分泌-免疫网络,神经-内分泌-免疫系统,ALIAS_OF
呼吸窘迫综合征,急性呼吸窘迫综合征,ALIAS_OF
代数连续空间,代数拟连续空间,ALIAS_OF
肺炎疫苗,肺炎球菌疫苗,ALIAS_OF
逻辑框架,逻辑架构,ALIAS_OF
马克思机器论,马克思机器理论,ALIAS_OF
黄斑新生血管,黄斑区新生血管,ALIAS_OF
host-guest complex,host-guest complexation,ALIAS_OF
Zinc(II),Zinc (II),ALIAS_OF
秸秆养分资源量,秸秆养分资源,ALIAS_OF
机液一体化,机电液一体化,ALIAS_OF
智慧农业农村,智慧农业,ALIAS_OF
U-Net型网络,U-Net,ALIAS_OF
冠脉微血管功能障碍疾病,冠状动脉微循环功能障碍,ALIAS_OF
嫦娥五号探测器,嫦娥五号,ALIAS_OF
化学合成原料药,化学原料药,ALIAS_OF
mcr-1,MCR-1,ALIAS_OF
细菌群落结构,细菌群落组成,ALIAS_OF
magnetic properties,Magnetic properties,ALIAS_OF
参数估算,参数估计,ALIAS_OF
单拷贝直同源基因,单拷贝同源基因,ALIAS_OF
大型仪器设备,大型仪器,ALIAS_OF
《人类病毒,疾病: 《人类病毒:疾病,ALIAS_OF
综合防治策略,综合防治措施,ALIAS_OF
全外显子组测序,全外显子测序,ALIAS_OF
尿素氧化反应,尿素氧化,ALIAS_OF
Abaqus,ABAQUS,ALIAS_OF
. B/S架构,B/S架构,ALIAS_OF
时空模型,时空大模型,ALIAS_OF
禽病毒4型,禽腺病毒4型,ALIAS_OF
技术平台,平台技术,ALIAS_OF
巯基保护基,巯基保护,ALIAS_OF
有機半導体,有机半导体,ALIAS_OF
二氧化碳还原,二氧化碳电还原,ALIAS_OF
逆合成分析法,逆合成分析,ALIAS_OF
体系架构,体系结构,ALIAS_OF
概率密度演化理论,概率密度演化,ALIAS_OF
集成光量子芯片,量子集成光学芯片,ALIAS_OF
设计创新,创新设计,ALIAS_OF
组织病理图像,病理图像,ALIAS_OF
现象学分析法,现象学分析,ALIAS_OF
社交媒介,社交媒体,ALIAS_OF
糖药物,糖类药物,ALIAS_OF
amphiphiles,Amphiphile,ALIAS_OF
宏基因二代测序,宏基因组二代测序,ALIAS_OF
YOLO v3,YOLO V3,ALIAS_OF
育儿自我效能感,育儿自我效能,ALIAS_OF
地区异质性,区域异质性,ALIAS_OF
对话式通用人工智能,对话式人工智能,ALIAS_OF
宏基因组二代测序技术,宏基因组二代测序,ALIAS_OF
档案信息化管理,档案信息化,ALIAS_OF
晶态多孔材料,多孔晶态材料,ALIAS_OF
技术性压力,技术压力,ALIAS_OF
植物科学,植物学,ALIAS_OF
enclathration,Enclathration,ALIAS_OF
病理诊断,病理学诊断,ALIAS_OF
农民创业,农户创业,ALIAS_OF
Hirshfeld surface analyses,Hirshfeld surface analysis,ALIAS_OF
ChatGPT类技术,ChatGPT技术,ALIAS_OF
可电离阳离子脂质,可电离脂质,ALIAS_OF
超分子主客体相互作用,主客体超分子作用,ALIAS_OF
j]异喹啉,1-a]异喹啉,ALIAS_OF
孙家遗址,孙家村遗址,ALIAS_OF
财政预算支出,财政支出,ALIAS_OF
25-羟维生素D,25-羟基维生素D3,ALIAS_OF
多相分类学,多相分类,ALIAS_OF
尿源性干细胞,尿源干细胞,ALIAS_OF
试验研究,实验研究,ALIAS_OF
农作物病虫害,农业病虫害,ALIAS_OF
模板法合成,模板合成,ALIAS_OF
supramolecular assemblies,Supramolecular assemblies,ALIAS_OF
精准宏观超分子组装,宏观超分子精准组装,ALIAS_OF
Hsp70,HSP70,ALIAS_OF
新药物,新型药物,ALIAS_OF
子宫颈癌前病变,宫颈癌前病变,ALIAS_OF
陨石,橄榄陨铁: 陨石:橄榄陨铁,ALIAS_OF
病人自我报告结局,患者自我报告结局,ALIAS_OF
次级代谢合成基因簇,次级代谢产物基因簇,ALIAS_OF
农业劳动力转移,农村劳动力转移,ALIAS_OF
kurzweil积分,Kurzweil积分,ALIAS_OF
线粒体病,线粒体疾病,ALIAS_OF
树状接枝聚合物,树枝状聚合物,ALIAS_OF
DeepSort,DeepSORT,ALIAS_OF
线粒体障碍,线粒体功能障碍,ALIAS_OF
汽车自动驾驶,自动驾驶汽车,ALIAS_OF
水质净化,水体净化,ALIAS_OF
多物理域耦合,多物理场耦合,ALIAS_OF
智能辅助治疗,智能辅助诊疗,ALIAS_OF
预训练模型RoBERTa,Roberta预训练模型,ALIAS_OF
昆虫细胞-杆状病毒表达载体系统,昆虫杆状病毒表达系统,ALIAS_OF
结构柔性,柔性结构,ALIAS_OF
摩擦学特性,摩擦学性能,ALIAS_OF
时变转速工况,变转速工况,ALIAS_OF
冠状动脉性心脏病,冠心病,ALIAS_OF
医院-社区”联动,“医院—社区”联动,ALIAS_OF
磁性纳米颗粒,磁性纳米粒子,ALIAS_OF
Single crystal,Single Crystal,ALIAS_OF
脑类器官,人脑类器官,ALIAS_OF
动力学特性,动力学特征,ALIAS_OF
18F标记,18F-标记,ALIAS_OF
microRNAs,microRNA,ALIAS_OF
隐式分数阶微分方程,分数阶隐式微分方程,ALIAS_OF
《贝肯熊,火星任务》: 《贝肯熊:火星任务》,ALIAS_OF
心理情况,心理状态,ALIAS_OF
自组装单分子膜,分子自组装单层膜,ALIAS_OF
双向长短记忆网络,双向长短期记忆网络,ALIAS_OF
神经影像技术,神经影像学,ALIAS_OF
胆结石,胆囊结石,ALIAS_OF
光学器件,光学元件,ALIAS_OF
电解制氢,水电解制氢,ALIAS_OF
心脑血管相关疾病,心脑血管疾病,ALIAS_OF
耐药性分析,耐药分析,ALIAS_OF
人工智能技术应用,人工智能应用,ALIAS_OF
超分子纳米载体,超分子纳米材料,ALIAS_OF
Nanofibers,Nanofiber,ALIAS_OF
免疫保护效果,免疫保护效力,ALIAS_OF
农作物虫害,农业病虫害,ALIAS_OF
代谢功能障碍相关脂肪肝疾病,代谢相关脂肪性肝病,ALIAS_OF
抗肿瘤药物,抗肿瘤药,ALIAS_OF
欧盟人工智能法案,欧盟《人工智能法》,ALIAS_OF
结构智能设计,智能化结构设计,ALIAS_OF
智能装配,智能化装配,ALIAS_OF
血小板裂解物,血小板裂解液,ALIAS_OF
酰基化反应,酰化反应,ALIAS_OF
固相化学多肽合成,固相多肽合成,ALIAS_OF
crystal engineering,Crystal Engineering,ALIAS_OF
地域差异,区域差异,ALIAS_OF
次级代谢产物生物合成基因簇,次级代谢产物基因簇,ALIAS_OF
肠道菌群紊乱,肠道菌群失调,ALIAS_OF
人脸编辑,人脸图像编辑,ALIAS_OF
安全头盔佩戴检测,头盔佩戴检测,ALIAS_OF
心脑血管疾病死亡,心脑血管死亡,ALIAS_OF
Supramolecular assembled,Supramolecular assembly,ALIAS_OF
胆道癌,胆管癌,ALIAS_OF
cyanine dyes,Cyanine dye,ALIAS_OF
anti‐counterfeiting,Anti-counterfeiting,ALIAS_OF
NW行星齿轮,NW型行星齿轮,ALIAS_OF
冠状动脉移植术,冠状动脉旁路移植术,ALIAS_OF
纳米多孔金属,纳米多孔金,ALIAS_OF
生成式模型,生成模型,ALIAS_OF
Caputo分数阶微分,Caputo分数阶导数,ALIAS_OF
暴雨洪涝灾害,暴雨洪涝,ALIAS_OF
结核潜伏感染,潜伏性结核感染,ALIAS_OF
FTIR-ATR,ATR-FTIR,ALIAS_OF
气阴两虚型,气阴两虚,ALIAS_OF
Cucurbit[8]uril,cucurbit[8]uril,ALIAS_OF
良率提高,良率提升,ALIAS_OF
condensates,Condensates,ALIAS_OF
合作创新网络,创新合作网络,ALIAS_OF
广泛性焦虑障碍,广泛性焦虑症,ALIAS_OF
M1巨噬细胞,M1型巨噬细胞,ALIAS_OF
蛋白质芯片,蛋白芯片,ALIAS_OF
卷积注意力机制,卷积块注意力机制,ALIAS_OF
肺肾气虚证,肺肾气虚,ALIAS_OF
脑-肠轴,肠-脑轴,ALIAS_OF
模数/数模转换器,模数转换器,ALIAS_OF
新型冠状病毒2(SARS-CoV-2),新型冠状病毒(SARS-CoV-2),ALIAS_OF
特征点匹配,特征匹配,ALIAS_OF
新型冠状病毒肺炎疫苗,新型冠状病毒疫苗,ALIAS_OF
癌患家庭照顾者,癌症患者家庭照顾者,ALIAS_OF
中断时间序列分析,中断时间序列,ALIAS_OF
p(t)-Laplacian算子,p-Laplacian算子,ALIAS_OF
诊疗进展,诊治进展,ALIAS_OF
抗生素耐药菌,抗微生物药物耐药性,ALIAS_OF
二维材料催化剂,二维催化剂,ALIAS_OF
癌症疼痛,癌性疼痛,ALIAS_OF
稻旱混作,稻旱兼作,ALIAS_OF
农田土壤,农业土壤,ALIAS_OF
cancer immunotherapy,Cancer immunotherapy,ALIAS_OF
3d printing,3D printing,ALIAS_OF
主动脉粥样硬化,动脉粥样硬化,ALIAS_OF
诊断标记,诊断标志,ALIAS_OF
量子微波,微波量子,ALIAS_OF
行星地质工程技术,行星地质工程,ALIAS_OF
泛基因组学研究,泛基因组学,ALIAS_OF
狼疮肾炎,狼疮性肾炎,ALIAS_OF
幽门螺旋杆菌感染,幽门螺杆菌感染,ALIAS_OF
髋关节置换,人工全髋关节置换术,ALIAS_OF
替代风险,替代性风险,ALIAS_OF
非酒精性脂肪肝炎,非酒精性脂肪性肝炎,ALIAS_OF
graphene quantum dots,Graphene Quantum Dots,ALIAS_OF
hetero-architectures,Hetero-Architectures,ALIAS_OF
编-解码结构,编码器-解码器结构,ALIAS_OF
终末期肾脏病,终末期肾病,ALIAS_OF
决策树CART模型,CART决策树模型,ALIAS_OF
炔酰胺,炔胺,ALIAS_OF
柔性材料,柔性复合材料,ALIAS_OF
量子通讯,量子通信,ALIAS_OF
人才培育,人才培养,ALIAS_OF
抑菌机理,抑菌机制,ALIAS_OF
■-广义fuzzy奇异滤子,广义fuzzy奇异滤子,ALIAS_OF
fluorescent probe,Fluorescent probe,ALIAS_OF
智能教育,智能化教育,ALIAS_OF
耐碳青霉烯类,耐碳青霉烯,ALIAS_OF
戊型肝炎病毒,戊型病毒性肝炎,ALIAS_OF
Binding mechanisms,Binding mechanism,ALIAS_OF
干扰素γ,干扰素-γ,ALIAS_OF
quantum yield,Quantum yield,ALIAS_OF
离子交换法,离子交换,ALIAS_OF
生成式人工智能技术(AIGC),生成式人工智能(AIGC),ALIAS_OF
产业结构转型升级,产业转型升级,ALIAS_OF
慢性非传染性疾病(慢性病),慢性非传染性疾病,ALIAS_OF
社会心理适应,心理社会适应,ALIAS_OF
信号传导通路,信号通路,ALIAS_OF
polymers,Polymers,ALIAS_OF
Hirshfeld Surface Analysis,Hirshfeld surface analysis,ALIAS_OF
聚丙烯复合,聚丙烯复合材料,ALIAS_OF
PDCA循环法,PDCA循环,ALIAS_OF
NLRP3炎症小体,NLRP3炎性小体,ALIAS_OF
电磁兼容性(EMC),电磁兼容(EMC),ALIAS_OF
缺血性卒中,急性缺血性脑卒中,ALIAS_OF
表面等离子体共振,局域表面等离子体共振,ALIAS_OF
自身免疫性肝病,自身免疫性肝炎,ALIAS_OF
风险管控,风险控制,ALIAS_OF
CRISPR/Cas9,CRISPR-Cas9,ALIAS_OF
matlab,MATLAB,ALIAS_OF
记忆性T细胞,记忆T细胞,ALIAS_OF
生物学应用,生物医学应用,ALIAS_OF
风险评分模型,风险评估模型,ALIAS_OF
Host–guest chemistry,Host-guest chemistry,ALIAS_OF
肺脏移植,肺移植,ALIAS_OF
JAK1选择性抑制剂,JAK1抑制剂,ALIAS_OF
integrative modeling,Integrative modeling,ALIAS_OF
模糊控制器,模糊控制,ALIAS_OF
分子标记,分子标志物,ALIAS_OF
肝切除,肝切除术,ALIAS_OF
绩效评估,绩效评价,ALIAS_OF
蛋白质半化学合成,蛋白质化学半合成,ALIAS_OF
条件生成对抗网络,生成对抗网络,ALIAS_OF
pathway complexity,Pathway Complexity,ALIAS_OF
信息类文本,信息型文本,ALIAS_OF
医学应对方式,医学应对,ALIAS_OF
材料合成化学,材料化学合成,ALIAS_OF
YoloV5,YOLOv5,ALIAS_OF
企业创新能力,企业创新力,ALIAS_OF
大地电磁深探测,大地电磁测深,ALIAS_OF
多标准决策模型,多准则决策模型,ALIAS_OF
矩阵运算,矩阵计算,ALIAS_OF
机械力化学法,机械力化学,ALIAS_OF
自组装分子膜,分子自组装单层膜,ALIAS_OF
活性测定,活性检测,ALIAS_OF
乳头状瘤病毒疫苗,人乳头瘤病毒疫苗,ALIAS_OF
molecular assembly,Molecular Assembly,ALIAS_OF
一致持续性,一致持久性,ALIAS_OF
集成电路,电性能分析: 集成电路:电性能分析,ALIAS_OF
建筑智能,建筑智能化,ALIAS_OF
PI3K/AKT通路,PI3K/AKT信号通路,ALIAS_OF
脂质纳米粒,脂质体纳米颗粒,ALIAS_OF
自然化学连接,天然化学连接,ALIAS_OF
高迁移率族蛋白B1,高迁移率族蛋白1,ALIAS_OF
Sensors,sensors,ALIAS_OF
微生物群落,微生物群,ALIAS_OF
量子科技产业,量子产业,ALIAS_OF
数据分级,数据分类分级,ALIAS_OF
钠-葡萄糖协同转运蛋白2抑制剂,钠-葡萄糖共转运蛋白2抑制剂,ALIAS_OF
刚柔耦合动力学模型,刚-柔耦合动力学,ALIAS_OF
菌-肠-脑轴,微生物-肠-脑轴,ALIAS_OF
高脂血症性,高脂血症,ALIAS_OF
碳碳键断裂,碳-碳键断裂,ALIAS_OF
内生风险,内生性风险,ALIAS_OF
丙酮酸盐,丙酮酸,ALIAS_OF
氨硼烷水解产氢,氨硼烷水解,ALIAS_OF
molecule assembly,Molecule assembly,ALIAS_OF
TRIPS协议,TRIPS协定,ALIAS_OF
化疗相关性恶心呕吐,化疗所致恶心呕吐,ALIAS_OF
诱导性多能干细胞,诱导多能干细胞,ALIAS_OF
编码-解码结构,编码器-解码器结构,ALIAS_OF
策略决策,决策策略,ALIAS_OF
covalent organic frameworks,covalent organic framework,ALIAS_OF
连续肾脏替代疗法,连续性肾脏替代治疗,ALIAS_OF
Supramolecular chirality,Supramolecular Chirality,ALIAS_OF
secondary structure,Secondary structure,ALIAS_OF
Emden-Fowler微分方程,Emden-Fowler型微分方程,ALIAS_OF
结构特性,结构性质,ALIAS_OF
糖尿病周围神经病,糖尿病周围神经病变,ALIAS_OF
智能医疗,智能医学,ALIAS_OF
Computational modelling,Computational modeling,ALIAS_OF
功能食品,功能性食品,ALIAS_OF
镁基复合储氢材料,镁基储氢材料,ALIAS_OF
遗传进化分析,遗传变异分析,ALIAS_OF
丙型肝炎,丙型病毒性肝炎,ALIAS_OF
脑膜炎疫苗,脑膜炎球菌疫苗,ALIAS_OF
PI3K/Akt信号通路,PI3K/AKT信号通路,ALIAS_OF
蒙特卡洛,蒙特卡洛法,ALIAS_OF
门诊护理,护理门诊,ALIAS_OF
冠脉微血管功能异常,冠状动脉微循环功能障碍,ALIAS_OF
optical waveguide,Optical waveguide,ALIAS_OF
猪伪狂犬病病毒(PRV),猪伪狂犬病毒(PRV),ALIAS_OF
锌空电池,锌-空气电池,ALIAS_OF
红外热成像,热红外成像,ALIAS_OF
防治药物,药物防治,ALIAS_OF
三维芯片堆叠,三维堆叠芯片,ALIAS_OF
Scanning tunneling microscopy,Scanning Tunneling Microscopy,ALIAS_OF
生物医用高分子,生物医用高分子材料,ALIAS_OF
生成式人工智能工具,生成式人工智能,ALIAS_OF
surface modification,Surface modification,ALIAS_OF
质量检测,品质检测,ALIAS_OF
J‐aggregates,J-aggregates,ALIAS_OF
纳米颗粒疫苗,纳米疫苗,ALIAS_OF
生态模型,生态位模型,ALIAS_OF
乙醇电氧化,乙醇氧化反应,ALIAS_OF
质量管控,质量控制,ALIAS_OF
chitosan,Chitosan,ALIAS_OF
16S r RNA,16S rRNA,ALIAS_OF
猪圆环病毒3型(PCV3),猪圆环病毒3型,ALIAS_OF
多肽固相合成,固相多肽合成,ALIAS_OF
本体模态,本体模型,ALIAS_OF
产业状况,产业发展现状,ALIAS_OF
课堂教学分析,课堂分析,ALIAS_OF
light‐harvesting systems,Light-harvesting system,ALIAS_OF
创新创造能力,创新能力,ALIAS_OF
劳动者就业,劳动力就业,ALIAS_OF
儿科护理学,儿科护理,ALIAS_OF
靶向蛋白降解嵌合体,蛋白降解靶向嵌合体,ALIAS_OF
sequential energy transfer,Sequential energy transfer,ALIAS_OF
换道行为决策,换道决策行为,ALIAS_OF
静脉-动脉体外膜肺氧合,静脉-动脉体外膜氧合,ALIAS_OF
核衣壳蛋白,核壳蛋白,ALIAS_OF
分子组装体,分子组装,ALIAS_OF
肿瘤病人,肿瘤患者,ALIAS_OF
Neumann边界值问题,Neumann边值问题,ALIAS_OF
缺血缺氧,缺氧缺血,ALIAS_OF
电化学测试,电化学性能测试,ALIAS_OF
新一代人工智能技术,新一代人工智能,ALIAS_OF
血液系统疾病,血液疾病,ALIAS_OF
主要心脑血管事件,主要不良心脑血管事件,ALIAS_OF
PLC控制系统,PLC控制,ALIAS_OF
猪繁殖与呼吸障碍综合征病毒(PRRSV),猪繁殖与呼吸综合征病毒(PRRSV),ALIAS_OF
吸附无细胞百白破联合疫苗,无细胞百白破联合疫苗,ALIAS_OF
颈椎疾病,颈椎病,ALIAS_OF
障碍检测,障碍物检测,ALIAS_OF
Multifunctional nanoparticles,Multifunctional nanomaterials,ALIAS_OF
Artificial intelligence,artificial intelligence,ALIAS_OF
神经系统损伤,神经损伤,ALIAS_OF
复合物材料,复合材料,ALIAS_OF
机械化学法,机械化学,ALIAS_OF
代谢功能障碍相关性脂肪肝,代谢相关脂肪性肝病,ALIAS_OF
platinum,Platinum,ALIAS_OF
Vosviewer,VOSviewer,ALIAS_OF
中药干预,中医药干预,ALIAS_OF
人类中心主义化,人类中心主义,ALIAS_OF
树突细胞,树突状细胞,ALIAS_OF
Stimuli-responsive,stimuli-responsive,ALIAS_OF
Stimuli-response,stimuli-responsive,ALIAS_OF
tau,Tau,ALIAS_OF
颞下颌关节紊乱病,颞下颌关节紊乱,ALIAS_OF
连续纤维增强复合材料,纤维增强复合材料,ALIAS_OF
汽车前脸形态,汽车前脸造型,ALIAS_OF
双重固定效应模型,双向固定效应模型,ALIAS_OF
非圆齿轮行星轮系,非圆行星齿轮,ALIAS_OF
病毒防控,病毒病防控,ALIAS_OF
情绪调控能力,情绪调节能力,ALIAS_OF
图像数据增强,图像增强,ALIAS_OF
C—H活化,C-H活化,ALIAS_OF
免疫反应性,免疫反应,ALIAS_OF
疾病防治,疾病防护,ALIAS_OF
C反应蛋白和白蛋白比值,C反应蛋白与白蛋白比值,ALIAS_OF
森林火情监测,林火监测,ALIAS_OF
宏基因测序技术,宏基因组测序技术,ALIAS_OF
简化模型,模型简化,ALIAS_OF
特征金字塔结构,特征金字塔,ALIAS_OF
贝莱斯芽胞杆菌,贝莱斯芽孢杆菌,ALIAS_OF
乙型肝炎表面抗原,乙型肝炎病毒表面抗原,ALIAS_OF
非平衡热力学,非平衡态热力学,ALIAS_OF
non-covalent interactions,Non-covalent interactions,ALIAS_OF
成效做法,做法成效,ALIAS_OF
病害叶片检测,作物病害叶片检测,ALIAS_OF
synergistic function,Synergistic function,ALIAS_OF
改进模板匹配法,改进模板匹配算法,ALIAS_OF
肌痉挛,肌肉痉挛,ALIAS_OF
肿瘤靶标,肿瘤靶向,ALIAS_OF
磷脂酰肌醇3-激酶,磷脂酰肌醇-3-激酶,ALIAS_OF
高危型人乳头瘤病毒,高危人乳头瘤病毒,ALIAS_OF
中医外治法,中医外治,ALIAS_OF
H5亚型禽流感病毒,H5N1亚型禽流感病毒,ALIAS_OF
视觉文档问答,文档视觉问答,ALIAS_OF
NF-κB通路,NF-κB信号通路,ALIAS_OF
蛋白质-蛋白质相互作用,蛋白-蛋白相互作用,ALIAS_OF
超广角眼底成像,超广角眼底图像,ALIAS_OF
微分型算子,微分算子,ALIAS_OF
新创企业,创新企业,ALIAS_OF
机器人辅助微创手术,机器人手术,ALIAS_OF
氧化物半导体,半导体氧化物,ALIAS_OF
表面增强拉曼散射光谱,表面增强拉曼光谱,ALIAS_OF
健康服务管理,健康服务与管理,ALIAS_OF
生物3D打印,3D生物打印,ALIAS_OF
self-assembling,Self-assembly,ALIAS_OF
分子机理研究,分子机制研究,ALIAS_OF
金属有机化学气相淀积,金属有机化学气相沉积,ALIAS_OF
C（sp2）-H芳基化,C-H芳基化,ALIAS_OF
“炎-癌”转化,炎-癌转化,ALIAS_OF
双向长短期记忆网络(BiLSTM),双向长短期记忆(BiLSTM)网络,ALIAS_OF
数据管理共享,数据共享,ALIAS_OF
硒代半胱氨酸,L-硒代半胱氨酸,ALIAS_OF
群体智能算法,群体智能优化算法,ALIAS_OF
补肺益肾组分方Ⅲ,补肺益肾方,ALIAS_OF
Antiproliferative activity,Anti-proliferative activity,ALIAS_OF
量子多用户通信,多用户量子信道,ALIAS_OF
共价有机框架材料,共价有机框架,ALIAS_OF
合成反应,反应合成,ALIAS_OF
根际微生物组,根际微生物,ALIAS_OF
周期蛋白依赖性激酶,细胞周期蛋白依赖性激酶,ALIAS_OF
H7N9禽流感病毒,H7N9亚型禽流感,ALIAS_OF
脐静脉内皮细胞,人脐静脉内皮细胞,ALIAS_OF
植物基因组学,植物基因组,ALIAS_OF
host‐guest interaction,Host-Guest interaction,ALIAS_OF
心肌肥大,心肌肥厚,ALIAS_OF
细胞治疗策略,细胞治疗,ALIAS_OF
非紧测度,非紧性测度,ALIAS_OF
免疫抑制药,免疫抑制剂,ALIAS_OF
农民收入,农户收入,ALIAS_OF
adsorption,Adsorption,ALIAS_OF
个性化治疗,个体化治疗,ALIAS_OF
非线性滤波器,非线性滤波,ALIAS_OF
柔性电子制造,柔性电子,ALIAS_OF
肿瘤诊断,肿瘤疾病诊断,ALIAS_OF
纳米药物递送体系,纳米药物递送系统,ALIAS_OF
非接触测量,非接触式测量,ALIAS_OF
规范管理,规范化管理,ALIAS_OF
思维能力水平,思维水平,ALIAS_OF
医院重症监护病房,重症监护病房,ALIAS_OF
冠状动脉周围脂肪组织,冠状动脉周围脂肪,ALIAS_OF
肝内胆管细胞癌,肝内胆管癌,ALIAS_OF
序列对比,序列比对,ALIAS_OF
老年健康,老年人健康,ALIAS_OF
航天遥感器,航天遥感,ALIAS_OF
级联酶催化,多酶级联催化,ALIAS_OF
心血管病危险人群,心血管疾病高危人群,ALIAS_OF
Light-harvesting systems,Light-harvesting system,ALIAS_OF
XGboost,XGBoost,ALIAS_OF
肉芽肿性小叶性乳腺炎,肉芽肿性乳腺炎,ALIAS_OF
胰高血糖素样肽1,胰高血糖素样肽-1,ALIAS_OF
pulsed-field gradient diffusion measurements,Pulsed-field gradient diffusion measurements,ALIAS_OF
齿轮箱故障诊断,齿轮故障诊断,ALIAS_OF
呼吸机相关肺炎,呼吸机相关性肺炎,ALIAS_OF
高带宽存储,高带宽存储器,ALIAS_OF
子宫腔粘连,宫腔粘连,ALIAS_OF
免疫保护性,免疫保护,ALIAS_OF
CO2/CO还原,CO2还原,ALIAS_OF
经皮冠脉介入术,经皮冠状动脉介入治疗,ALIAS_OF
数智化转型优化,数智化转型,ALIAS_OF
铝纳米颗粒,铝纳米粒子,ALIAS_OF
纳米递送载体,纳米递送,ALIAS_OF
弱刚度构件,弱刚性构件,ALIAS_OF
CT血管造影术,CT血管成像,ALIAS_OF
临床特点,临床特征,ALIAS_OF
protein structure prediction,Protein structure prediction,ALIAS_OF
肺血栓栓塞,肺栓塞,ALIAS_OF
下丘脑—垂体—肾上腺轴,下丘脑-垂体-肾上腺轴,ALIAS_OF
Micelles,Micelle,ALIAS_OF
supermolecular assembly network,Supermolecular assembly network,ALIAS_OF
stimuli-responsiveness,stimuli-responsive,ALIAS_OF
稀疏自编码,稀疏自编码器,ALIAS_OF
恒星,超新星:普通: 恒星:超新星:普通,ALIAS_OF
chiral recognition,Chiral Recognition,ALIAS_OF
“肠-脑”轴,肠-脑轴,ALIAS_OF
Anticancer,anticancer,ALIAS_OF
肠道微生物的功能,肠道微生物功能,ALIAS_OF
概率密度演化法,概率密度演化,ALIAS_OF
马尔科夫决策过程,马尔可夫决策过程,ALIAS_OF
社会保障制度,社会保障体系,ALIAS_OF
结构可靠性,结构可靠度,ALIAS_OF
电催化氧还原,氧还原催化,ALIAS_OF
猪口蹄疫病毒,口蹄疫病毒,ALIAS_OF
thermoplastic polyurethane,Thermoplastic polyurethane,ALIAS_OF
心血管病,心血管疾病,ALIAS_OF
肿瘤精准医学,精准肿瘤学,ALIAS_OF
小多项式乘法,多项式乘法,ALIAS_OF
藻菌共生系统,藻菌共生体系,ALIAS_OF
金属有机框架材料,金属-有机框架,ALIAS_OF
体质健康测试,体质健康测评,ALIAS_OF
全球价值链攀升,全球价值链上游攀升,ALIAS_OF
caputo分数阶导数,Caputo分数阶导数,ALIAS_OF
光电突触,光电子突触,ALIAS_OF
photostability,Photostability,ALIAS_OF
供应链协调,供应链协同,ALIAS_OF
呼吸疾病,呼吸道疾病,ALIAS_OF
DeepLabv3+,DeepLabV3+,ALIAS_OF
YOLOV7-tiny,YOLOv7-Tiny,ALIAS_OF
运动干预,运动健康干预,ALIAS_OF
Nrf2/ARE信号通路,Nrf2-ARE信号通路,ALIAS_OF
超分子手性组装体,手性超分子组装,ALIAS_OF
成分分析,主成分分析,ALIAS_OF
非靶向代谢组学分析,非靶向代谢组学,ALIAS_OF
机器人辅助手术,机器人手术,ALIAS_OF
聚(4-羟基丁酸酯)(P4HB),聚(4-羟基丁酸酯),ALIAS_OF
先天性免疫系统,先天免疫,ALIAS_OF
蛋白抗原,抗原蛋白,ALIAS_OF
10-phenanthrolines,10-Phenanthroline,ALIAS_OF
钠-葡萄糖耦联转运体2抑制剂,钠-葡萄糖共转运蛋白2抑制剂,ALIAS_OF
几何构造,几何构型,ALIAS_OF
中药方剂,中医药方剂,ALIAS_OF
模型的可解释性,模型可解释性,ALIAS_OF
收敛性分析,收敛分析,ALIAS_OF
老年群体,老年人群,ALIAS_OF
c-Myc,C-MYC,ALIAS_OF
数学核心素养,数学学科核心素养,ALIAS_OF
病原生物,病原微生物,ALIAS_OF
抗菌纺织材料,抗菌纺织品,ALIAS_OF
mechanochemistry,Mechanochemistry,ALIAS_OF
supramolecular structures,Supramolecular structure,ALIAS_OF
禽4型腺病毒,禽腺病毒4型,ALIAS_OF
生物学特性,生物学特征,ALIAS_OF
副干酪乳酪杆菌,副干酪乳杆菌,ALIAS_OF
课程实验,实践课程,ALIAS_OF
小菌落变异体,小菌落突变体,ALIAS_OF
成纤维细胞激活蛋白α,成纤维细胞活化蛋白α,ALIAS_OF
病毒的分离鉴定,病毒分离鉴定,ALIAS_OF
p型掺杂,P型掺杂,ALIAS_OF
TaqMan荧光定量RT-PCR,TaqMan实时荧光定量PCR,ALIAS_OF
药品监管,药品监督管理,ALIAS_OF
二维催化材料,二维催化剂,ALIAS_OF
绿色农产品供应链,农产品绿色供应链,ALIAS_OF
中小学生卫生保健服务,中小学卫生保健服务,ALIAS_OF
Cyclodextrins,Cyclodextrin,ALIAS_OF
砷化镓赝配高电子迁移率晶体管,砷化镓赝晶高电子迁移率晶体管,ALIAS_OF
案例教学法,案例教学,ALIAS_OF
supramolecular structure,Supramolecular structure,ALIAS_OF
多用户量子通信,多用户量子信道,ALIAS_OF
自组装单分子膜（SAM）,自组装单分子膜(SAMs),ALIAS_OF
学龄前儿童,学前儿童,ALIAS_OF
神经网络搜索,神经架构搜索,ALIAS_OF
冠状动脉CT血管造影,冠状动脉CT血管成像,ALIAS_OF
7-碘-8-羟基喹啉-5-磺酸(Ferron),7-碘-8-羟基喹啉-5-磺酸,ALIAS_OF
家庭坚韧性,家庭韧性,ALIAS_OF
行星与卫星,普通: 行星与卫星:普通,ALIAS_OF
免疫疗法,免疫治疗,ALIAS_OF
环境工程学,环境工程,ALIAS_OF
着陆点选址,着陆点选取,ALIAS_OF
原子催化剂,单原子催化剂,ALIAS_OF
Fluorescence probe,Fluorescent probe,ALIAS_OF
分子机理,分子机制,ALIAS_OF
抗生素耐药,抗微生物药物耐药性,ALIAS_OF
“数字鸿沟”,数字鸿沟,ALIAS_OF
结构DNA纳米技术,DNA纳米结构,ALIAS_OF
全球价值链分工位置,全球价值链分工地位,ALIAS_OF
Hamilton系统,Hamiltonian系统,ALIAS_OF
模态融合,多模态融合,ALIAS_OF
老年病,老年疾病,ALIAS_OF
精准化健身指导方案,个性化精准健身指导方案,ALIAS_OF
特征点提取,特征提取,ALIAS_OF
数字技术创新能力,数字创新能力,ALIAS_OF
非药物性干预,非药物干预,ALIAS_OF
布鲁氏菌活疫苗A19株,布鲁氏菌A19疫苗株,ALIAS_OF
“钻石模型”,钻石模型,ALIAS_OF
1/G)-展开法,(1/G)-展开法,ALIAS_OF
超声检测,超声检查,ALIAS_OF
乙型肝炎,乙型病毒性肝炎,ALIAS_OF
糖尿病黄斑水肿,糖尿病性黄斑水肿,ALIAS_OF
计算流体动力学,计算流体力学,ALIAS_OF
炎症标志物,炎性标志物,ALIAS_OF
It?'s公式,It(?)'s公式,ALIAS_OF
转化生长因子β1,转化生长因子-β1,ALIAS_OF
密度泛函数,密度泛函,ALIAS_OF
信息搜索行为,信息搜寻行为,ALIAS_OF
TaqMan荧光定量PCR,TaqMan实时荧光定量PCR,ALIAS_OF
liquid crystals,Liquid Crystals,ALIAS_OF
免疫分期,免疫分型,ALIAS_OF
财政补贴政策,补贴政策,ALIAS_OF
分数阶微积分学,分数阶微积分,ALIAS_OF
胱氨酸/谷氨酸反转运体,胱氨酸/谷氨酸反向转运体,ALIAS_OF
农作物结构,农作物种植结构,ALIAS_OF
可溶表达,可溶性表达,ALIAS_OF
经导管主动脉瓣置入术,经导管主动脉瓣置换术,ALIAS_OF
结肠炎相关结直肠癌,炎症相关结直肠癌,ALIAS_OF
Mediapipe,MediaPipe,ALIAS_OF
water purification,Water purification,ALIAS_OF
洪涝灾害,暴雨洪涝,ALIAS_OF
蜂窝夹层结构板,蜂窝夹层板,ALIAS_OF
中子探测器,中子探测,ALIAS_OF
牛病毒行腹泻病毒,牛病毒性腹泻病毒,ALIAS_OF
机遇及挑战,挑战和机遇,ALIAS_OF
情景认知,情境认知,ALIAS_OF
复方中草药,中药复方,ALIAS_OF
diabetes,Diabetes,ALIAS_OF
β淀粉样蛋白,β-淀粉样蛋白,ALIAS_OF
免疫规划信息系统,免疫规划信息管理系统,ALIAS_OF
尿毒症皮肤瘙痒症,尿毒症皮肤瘙痒,ALIAS_OF
节能降碳,节能减排,ALIAS_OF
carbon nitride,Carbon Nitride,ALIAS_OF
腐蚀防护,腐蚀与防护,ALIAS_OF
牙周组织再生,牙周再生,ALIAS_OF
P-Laplacian算子,p-Laplacian算子,ALIAS_OF
全科医学科,全科医学,ALIAS_OF
种植收入,种植业收入,ALIAS_OF
稻瘟菌,稻瘟病,ALIAS_OF
质量检验,品质检测,ALIAS_OF
核心指标集,核心指标,ALIAS_OF
可再生能源技术,可再生能源,ALIAS_OF
农作物种植业,农作物种业,ALIAS_OF
1/G展开法,(1/G)-展开法,ALIAS_OF
带状疱疹后遗神经痛,带状疱疹后神经痛,ALIAS_OF
心肌损害,心肌损伤,ALIAS_OF
小麦种植,小麦栽培,ALIAS_OF
随机对照实验,随机对照试验,ALIAS_OF
超分辨图像,图像超分辨率,ALIAS_OF
电催化CO2还原反应,电催化CO2还原,ALIAS_OF
汉语自然语言处理,中文自然语言处理,ALIAS_OF
层级分析,层次分析,ALIAS_OF
磷酸化蛋白质组,磷酸化蛋白质组学,ALIAS_OF
狂犬病病毒,狂犬病毒,ALIAS_OF
生物活性评估,生物活性评价,ALIAS_OF
蛋白降解靶向纳米嵌合体,蛋白降解靶向嵌合体,ALIAS_OF
心肌重构,心肌重塑,ALIAS_OF
word2vec,Word2Vec,ALIAS_OF
顽固性高血压,难治性高血压,ALIAS_OF
家庭坚韧力,家庭韧性,ALIAS_OF
血清4型禽腺病毒,禽腺病毒血清4型,ALIAS_OF
分布量子计算,分布式量子计算,ALIAS_OF
案例式教学,案例教学,ALIAS_OF
健康管理服务,健康服务与管理,ALIAS_OF
幼托机构儿童,幼托儿童,ALIAS_OF
量子密钥分布,量子密钥分发,ALIAS_OF
Protein complexes,Protein Complexes,ALIAS_OF
肾虚血瘀证,肾虚血瘀,ALIAS_OF
双行星搅拌机,双行星搅拌器,ALIAS_OF
间质性肺病,间质性肺疾病,ALIAS_OF
Metal complexes,Metal complex,ALIAS_OF
PI3K/Akt/mTOR信号通路,PI3K/AKT/mTOR信号通路,ALIAS_OF
胃癌根治,胃癌根治术,ALIAS_OF
Fmoc,FMOC,ALIAS_OF
抗菌药物耐药性,抗微生物药物耐药性,ALIAS_OF
spiropyran,Spiropyran,ALIAS_OF
车辆-轨道耦合系统,车辆-轨道耦合动力学,ALIAS_OF
推理计算,推理算法,ALIAS_OF
肠道病毒71型疫苗,肠道病毒71型灭活疫苗,ALIAS_OF
有机磷类农药,有机磷农药,ALIAS_OF
磁驱动,电磁驱动,ALIAS_OF
柯伊伯带天体,个别:妊神星: 柯伊伯带天体:个别:妊神星,ALIAS_OF
核因子E2相关因子2（Nrf2）,核因子E2相关因子2,ALIAS_OF
抗生素耐药性,抗微生物药物耐药性,ALIAS_OF
表面/界面,表/界面,ALIAS_OF
高光谱成像,高光谱图像,ALIAS_OF
SiP,SIP,ALIAS_OF
脑缺血/再灌注,脑缺血-再灌注,ALIAS_OF
d,D,ALIAS_OF
Fermat型函数方程,Fermat方程,ALIAS_OF
腔内倍频,内腔倍频,ALIAS_OF
肝细胞肝癌,肝细胞癌,ALIAS_OF
钙钛矿太阳电池,钙钛矿太阳能电池,ALIAS_OF
情报监视,情报监控,ALIAS_OF
移动应用程序,移动应用,ALIAS_OF
中医药现代化,中医现代化,ALIAS_OF
降糖药物,降糖药,ALIAS_OF
阴道微生物组学,阴道微生物群,ALIAS_OF
空间转录组学,空间转录组,ALIAS_OF
木星系探测,木星探测,ALIAS_OF
慢性阻塞性肺炎,慢性阻塞性肺疾病,ALIAS_OF
7ps营销理论,7Ps营销理论,ALIAS_OF
智能化分级,智能分级,ALIAS_OF
化疗相关恶心呕吐,化疗所致恶心呕吐,ALIAS_OF
现场可编程阵列,现场可编程门阵列,ALIAS_OF
中药注射液,中药注射剂,ALIAS_OF
药物治疗靶点,药物靶点,ALIAS_OF
自主热控,智能自主热控,ALIAS_OF
岩石裂隙,岩体裂隙,ALIAS_OF
振动信号监测,振动监测,ALIAS_OF
局域等离子体共振,局域表面等离子体共振,ALIAS_OF
双核铜配合物,双核铜(II)配合物,ALIAS_OF
《人工智能,时代的机遇和挑战》: 《人工智能:时代的机遇和挑战》,ALIAS_OF
建立和应用,建立与应用,ALIAS_OF
老旧小区改造,城镇老旧小区改造,ALIAS_OF
White light emission,white light emission,ALIAS_OF
伪造人脸检测,人脸伪造检测,ALIAS_OF
全概率分解技术,全概率分解,ALIAS_OF
Self-assembling cyclic peptide nanotubes (SCPNs),Self-assembled cyclic peptide nanotubes,ALIAS_OF
酶学特性,酶学性质,ALIAS_OF
虚假新闻检测,假新闻检测,ALIAS_OF
Alphapose,AlphaPose,ALIAS_OF
猪圆环病毒2型(PCV2),猪圆环病毒2型,ALIAS_OF
决策树-马尔科夫模型,决策树-马尔可夫模型,ALIAS_OF
芯片研发,芯片开发,ALIAS_OF
吡啶吡咯,吡咯并吡啶,ALIAS_OF
美国国家科学基金,美国国家科学基金会,ALIAS_OF
心脏病,心脏疾病,ALIAS_OF
热辅助光催化,光热辅助光催化,ALIAS_OF
支持向量回归机,回归型支持向量机,ALIAS_OF
过渡金属基催化剂,过渡金属催化剂,ALIAS_OF
血管重建,血管重塑,ALIAS_OF
纳米阵列,纳米片阵列,ALIAS_OF
模拟失重模型,失重模拟,ALIAS_OF
人机共融,人机互融,ALIAS_OF
集成电路制造工业,集成电路制造,ALIAS_OF
多功能复合材料,功能复合材料,ALIAS_OF
数据联动,大数据联动,ALIAS_OF
银杏叶片,银杏叶,ALIAS_OF
胶黏剂,胶粘剂,ALIAS_OF
主客体互倚模型,主-客体互倚模型,ALIAS_OF
脂质代谢紊乱,脂代谢紊乱,ALIAS_OF
耕种制度,耕作制度,ALIAS_OF
超级保守元件,超保守元件,ALIAS_OF
assembly,Assembly,ALIAS_OF
Π-π stacking,π-π stacking,ALIAS_OF
电压效应,压电效应,ALIAS_OF
医疗照护服务,医疗照护,ALIAS_OF
三氟甲烷亚磺酸钠,三氟甲基亚磺酸钠,ALIAS_OF
图像分析处理,图像处理,ALIAS_OF
flame retardancy,Flame retardancy,ALIAS_OF
耐腐蚀性能,抗腐蚀性,ALIAS_OF
MEMS陀螺仪,MEMS陀螺,ALIAS_OF
衣壳蛋白,核壳蛋白,ALIAS_OF
自然语言处理技术,自然语言处理,ALIAS_OF
航天光学遥感器,航天光学遥感,ALIAS_OF
肌少症性肥胖,少肌性肥胖,ALIAS_OF
风机叶片,风力机叶片,ALIAS_OF
深地深海探测,深海探测,ALIAS_OF
复方中药,中药复方,ALIAS_OF
国际海上避碰规则,《国际海上避碰规则》,ALIAS_OF
NOx,NOX,ALIAS_OF
密度泛函(DFT),密度泛函理论(DFT),ALIAS_OF
农作物秸秆,作物秸秆,ALIAS_OF
毒性实验,毒性试验,ALIAS_OF
Ulam-Hyers稳定性,Hyers-Ulam稳定性,ALIAS_OF
空间永磁同步电机,永磁同步电机,ALIAS_OF
生物信息科学,生物信息学,ALIAS_OF
JoinPoint回归模型,Joinpoint回归模型,ALIAS_OF
k-out-of-m+n,G系统: k-out-of-m+n:G系统,ALIAS_OF
炭疽芽孢杆菌,炭疽杆菌,ALIAS_OF
Copper(II) complexes,Copper(II) complex,ALIAS_OF
红细胞分布宽度与白蛋白比值,红细胞分布宽度-白蛋白比值,ALIAS_OF
Khasminskii型条件,Khasminskii条件,ALIAS_OF
炎性肠病,炎症性肠病,ALIAS_OF
可离子化脂质,可电离脂质,ALIAS_OF
宏基因组学测序,宏基因组测序,ALIAS_OF
解的存在唯一性定理,解的存在性与唯一性,ALIAS_OF
K-means++,K-Means++,ALIAS_OF
农牧业,农业,ALIAS_OF
动态Monte Carlo模拟,Monte Carlo模拟,ALIAS_OF
化学合成制药,化学原料药,ALIAS_OF
中性粒细胞和淋巴细胞比值,中性粒细胞与淋巴细胞比值,ALIAS_OF
液氧甲烷火箭发动机,液氧甲烷发动机,ALIAS_OF
轮状病毒A,A组轮状病毒,ALIAS_OF
化学合成药废水,化学制药废水,ALIAS_OF
nonlinear optics,Nonlinear optics,ALIAS_OF
肝郁脾虚证,肝郁脾虚,ALIAS_OF
四价灭活流感病毒裂解疫苗,四价流感病毒裂解疫苗,ALIAS_OF
成灾面积,受灾面积,ALIAS_OF
内皮/内皮祖细胞,内皮祖细胞,ALIAS_OF
supramolecular interactions,Supramolecular interactions,ALIAS_OF
金属-有机框架材料,金属-有机框架,ALIAS_OF
fluorescence sensing,Fluorescence sensing,ALIAS_OF
气候变迁,气候变化,ALIAS_OF
肺炎支原体肺炎,支原体肺炎,ALIAS_OF
organic electronics,Organic electronics,ALIAS_OF
self-healing,Self-healing,ALIAS_OF
因果推论,因果推断,ALIAS_OF
PSM—DID,PSM-DID,ALIAS_OF
YOLOv5S,YOLOv5s,ALIAS_OF
影像诊断学,影像学诊断,ALIAS_OF
市场型差异化竞争战略,差异化战略,ALIAS_OF
nanostructures,Nanostructure,ALIAS_OF
protein-protein interactions,Protein-protein interaction,ALIAS_OF
土壤水分含量,土壤含水量,ALIAS_OF
补脾益肾法,补益脾肾法,ALIAS_OF
胃肠间质瘤,胃肠道间质瘤,ALIAS_OF
版权风险,侵权风险,ALIAS_OF
enzymes,Enzymes,ALIAS_OF
铂基催化剂,铂催化剂,ALIAS_OF
针刺疗法,针刺治疗,ALIAS_OF
教育人工智能发展,人工智能教育发展,ALIAS_OF
非标准有限差分方法,非标准有限差分,ALIAS_OF
高效液相尺寸排阻色谱,体积排阻高效液相色谱,ALIAS_OF
supramolecular assembly,Supramolecular assembly,ALIAS_OF
农作物生产,农业生产,ALIAS_OF
缺氧性肺动脉高压,低氧性肺动脉高压,ALIAS_OF
知识生产模式,知识生产方式,ALIAS_OF
Amphiphiles,Amphiphile,ALIAS_OF
上皮向间充质转化,上皮-间充质转化,ALIAS_OF
dynamic assembly/disassembly,Dynamic Assembly/Disassembly,ALIAS_OF
Light-Harvesting systems,Light-harvesting system,ALIAS_OF
乙肝表面抗原,乙型肝炎病毒表面抗原,ALIAS_OF
host–guest interaction,Host-Guest interaction,ALIAS_OF
拓扑法,拓扑学,ALIAS_OF
混合优化算法,混合优化方法,ALIAS_OF
正2π-周期解,2π-周期解,ALIAS_OF
伦理规约,伦理规范,ALIAS_OF
道路交通安全,交通安全,ALIAS_OF
嗅觉障碍,嗅觉功能障碍,ALIAS_OF
方法,数据处理: 方法:数据处理,ALIAS_OF
YOLOv3-tiny,YOLOv3-Tiny,ALIAS_OF
综合型医院,综合医院,ALIAS_OF
重返工作,重返工作岗位,ALIAS_OF
长短时记忆网络(LSTM),长短期记忆网络(LSTM),ALIAS_OF
年龄相关性黄斑病变,年龄相关性黄斑变性,ALIAS_OF
Hopkinson压杆,Hopkinson 压杆,ALIAS_OF
生鲜电商供应链,生鲜供应链,ALIAS_OF
中草药治疗,中医治疗,ALIAS_OF
骨科疾病,骨疾病,ALIAS_OF
鸭疫里默氏菌,鸭疫里默氏杆菌,ALIAS_OF
小儿肺炎支原体肺炎,小儿支原体肺炎,ALIAS_OF
心血管事件,心脑血管事件,ALIAS_OF
情境化教学,情境教学,ALIAS_OF
结构设计制造,结构设计与制备,ALIAS_OF
风电机组行星齿轮箱,风力机行星齿轮箱,ALIAS_OF
蛋白质相互作用,蛋白-蛋白相互作用,ALIAS_OF
托幼儿童,幼托儿童,ALIAS_OF
齿轮传动系统,齿轮传动机构,ALIAS_OF
枯草芽胞杆菌,枯草芽孢杆菌,ALIAS_OF
农作物改良,作物改良,ALIAS_OF
慢性病防治,慢性病防控,ALIAS_OF
U-net网络,U-Net,ALIAS_OF
非靶向代谢组,非靶向代谢组学,ALIAS_OF
albumin,Albumin,ALIAS_OF
多模态影像融合,多模态图像融合,ALIAS_OF
抗高血压药物,抗高血压药,ALIAS_OF
M2巨噬细胞,M2型巨噬细胞,ALIAS_OF
Protein–protein interactions,Protein-protein interaction,ALIAS_OF
民俗旅游,民俗文化旅游,ALIAS_OF
自我驱动实验室,自驱动实验室,ALIAS_OF
生物学基础,生物基础,ALIAS_OF
混合研究方法,混合方法研究,ALIAS_OF
消化道系统癌症,消化道癌症,ALIAS_OF
Hydrogen bonding,hydrogen bonding,ALIAS_OF
化学合成类原料药,化学原料药,ALIAS_OF
风湿免疫病,风湿免疫疾病,ALIAS_OF
呼吸道传染性疾病,呼吸道传染病,ALIAS_OF
主要心血管不良事件,主要不良心血管事件,ALIAS_OF
肺炎链球菌结合疫苗,肺炎球菌疫苗,ALIAS_OF
熵的不确定关系,熵不确定度关系,ALIAS_OF
轻量级算法,算法轻量化,ALIAS_OF
冷链物流服务,冷链服务,ALIAS_OF
H5N1型流感病毒,H5N1亚型禽流感病毒,ALIAS_OF
社交网络机器人,社交机器人,ALIAS_OF
Chiral recognition,Chiral Recognition,ALIAS_OF
集成电路制造产业,集成电路制造,ALIAS_OF
慢性呼吸疾病,慢性下呼吸道疾病,ALIAS_OF
教学仿真,仿真实验教学,ALIAS_OF
麻疹风疹联合减毒活疫苗,麻疹-风疹联合减毒活疫苗,ALIAS_OF
solar cells,Solar Cells,ALIAS_OF
supramolecular chirality,Supramolecular Chirality,ALIAS_OF
脑部疾病,脑疾病,ALIAS_OF
中性粒细胞与淋巴细胞比率,中性粒细胞与淋巴细胞比值,ALIAS_OF
multicomponent crystals,Multicomponent Crystals,ALIAS_OF
时域有限差分法,时域有限差分方法,ALIAS_OF
energy transfer,Energy transfer,ALIAS_OF
铁基氧化物,铁氧化物,ALIAS_OF
结核分枝杆菌(Mtb),结核分枝杆菌(MTB),ALIAS_OF
营养科学,营养学,ALIAS_OF
癌症病人,癌症患者,ALIAS_OF
齿圈柔性体,内齿圈柔性,ALIAS_OF
降血糖药,降糖药,ALIAS_OF
选择性C-H键活化,C-H键活化,ALIAS_OF
癌症认知障碍,癌症相关认知障碍,ALIAS_OF
光学相干断层扫描成像,光学相干断层成像,ALIAS_OF
Swin-Transformer,Swin Transformer,ALIAS_OF
大气颗粒物污染,大气污染,ALIAS_OF
脉冲状态反馈控制,状态脉冲反馈控制,ALIAS_OF
耐热性状,耐热性,ALIAS_OF
宏基因测序,宏基因组测序,ALIAS_OF
MDCKs细胞,MDCK细胞,ALIAS_OF
高分子有机材料,有机高分子材料,ALIAS_OF
细胞免疫治疗,免疫细胞治疗,ALIAS_OF
基因组比较,比较基因组学,ALIAS_OF
碳限额交易机制,碳交易机制,ALIAS_OF
旋压成形,旋压成型,ALIAS_OF
Cucurbit[7]uril,cucurbit[7]uril,ALIAS_OF
光学特性,光学性质,ALIAS_OF
蛋白质-蛋白质相互作用网络,蛋白-蛋白相互作用网络,ALIAS_OF
量子隐形传送,量子隐形传态,ALIAS_OF
微信公众平台,微信公众号,ALIAS_OF
厌氧氨氧化菌,厌氧氨氧化细菌,ALIAS_OF
电催化氧还原反应,氧还原催化,ALIAS_OF
有机合成化学实验,有机化学合成实验,ALIAS_OF
双联行星轮系,双联行星轮,ALIAS_OF
Three-Dimensionality,three-dimensional,ALIAS_OF
二硫化合物,二硫化物,ALIAS_OF
科研成果,研究成果,ALIAS_OF
互补金属-氧化物-半导体,互补金属氧化物半导体,ALIAS_OF
二阶时滞微分方程,二阶时滞常微分方程,ALIAS_OF
inclusion complex,Inclusion complex,ALIAS_OF
人类心脑血管疾病,人体心脑血管疾病,ALIAS_OF
python语言,Python语言,ALIAS_OF
国家自然科学基金委,国家自然科学基金委员会,ALIAS_OF
logistic回归分析,Logistic回归,ALIAS_OF
技术—经济范式特征,技术—经济范式,ALIAS_OF
阻塞性肺疾病,慢性阻塞性肺疾病,ALIAS_OF
马链球菌兽疫亚种(SEZ),马链球菌兽疫亚种,ALIAS_OF
集成电路类专业,集成电路专业,ALIAS_OF
CO2电还原,CO2还原,ALIAS_OF
严重急性呼吸综合征冠状病毒2(SARS-CoV-2),严重急性呼吸系统综合征冠状病毒2型(SARS-CoV-2),ALIAS_OF
动态性能仿真,动态仿真,ALIAS_OF
差异化竞争战略,差异化战略,ALIAS_OF
扫描电化学显微镜方法,扫描电化学显微镜,ALIAS_OF
阴道微生物,阴道微生物群,ALIAS_OF
CD8+T细胞,CD8+ T细胞,ALIAS_OF
土壤-农作物系统,土壤-作物系统,ALIAS_OF
催化裂化油浆,催化油浆,ALIAS_OF
音乐人工智能,人工智能音乐,ALIAS_OF
军用人工智能,军事人工智能,ALIAS_OF
非结构环境,非结构化环境,ALIAS_OF
认知行为疗法,认知行为治疗,ALIAS_OF
农作物土壤,农业土壤,ALIAS_OF
dendrimer,Dendrimer,ALIAS_OF
谷类农作物,谷类作物,ALIAS_OF
动态窗口法,动态窗口方法,ALIAS_OF
心肌缺血-再灌注损伤,心肌缺血再灌注损伤,ALIAS_OF
患者来源的异种移植模型,患者来源异种移植模型,ALIAS_OF
胰岛素生长因子受体,胰岛素样生长因子1受体,ALIAS_OF
药敏实验,体外药敏试验,ALIAS_OF
IPC分类号,IPC分类,ALIAS_OF
射频集成电路设计,射频集成电路,ALIAS_OF
地面实测,地面试验,ALIAS_OF
导航定位授时,定位导航授时,ALIAS_OF
自身免疫性,自身免疫性疾病,ALIAS_OF
Weak interactions,Weak interaction,ALIAS_OF
芽叶嫩芽识别,嫩芽识别,ALIAS_OF
数字化教育,教育数字化,ALIAS_OF
seq2seq,Seq2Seq,ALIAS_OF
12,i:-沙门氏菌: 12:i:-沙门氏菌,ALIAS_OF
数字化健康干预,数字健康干预,ALIAS_OF
锌-空电池,锌-空气电池,ALIAS_OF
3维集成电路,三维集成电路,ALIAS_OF
几乎必然指数稳定性,几乎必然指数稳定,ALIAS_OF
MTL代数,MTL-代数,ALIAS_OF
全细胞生物合成,全细胞生物催化合成,ALIAS_OF
重症医学科,重症医学,ALIAS_OF
Metal-organic frameworks,Metal-Organic Frameworks,ALIAS_OF
proteins and peptides,peptides and proteins,ALIAS_OF
蛋白合成,蛋白质合成,ALIAS_OF
关键核心技术,关键技术,ALIAS_OF
污染水体,水质污染,ALIAS_OF
心血管组织,心血管系统,ALIAS_OF
OT-I CD8+T细胞,CD8+ T细胞,ALIAS_OF
免疫机理,免疫机制,ALIAS_OF
structural biology,Structural biology,ALIAS_OF
单颗粒荧光光谱,单颗粒光谱,ALIAS_OF
Supramolecular Assembly,Supramolecular assembly,ALIAS_OF
酰胺衍生物,酰胺类衍生物,ALIAS_OF
溶血曼氏杆菌,溶血性曼氏杆菌,ALIAS_OF
水产病害,水产养殖病害,ALIAS_OF
磷循环基因,磷循环功能基因,ALIAS_OF
Deepfakes检测,DeepFake检测,ALIAS_OF
多肽药物偶联物,多肽-药物偶联物,ALIAS_OF
寄生虫病,寄生虫疾病,ALIAS_OF
吡唑并[3,1H-吡唑并[3,ALIAS_OF
Room-Temperature Ferroelectricity,Room temperature ferroelectricity,ALIAS_OF
Jetson nano,Jetson Nano,ALIAS_OF
慢加急性肝功能衰竭,慢加急性肝衰竭,ALIAS_OF
氧析出反应,析氧反应,ALIAS_OF
边界域,边界,ALIAS_OF
胃肠道菌群,肠道菌群,ALIAS_OF
蛋白表达纯化,蛋白表达与纯化,ALIAS_OF
气血两虚证,气血两虚型,ALIAS_OF
刀具磨破损,刀具磨损,ALIAS_OF
尼醇X受体,法尼醇X受体,ALIAS_OF
动态光散射法,动态光散射,ALIAS_OF
制造业中小企业,中小制造企业,ALIAS_OF
半导体器件原理,半导体器件物理,ALIAS_OF
线粒体途径凋亡,线粒体凋亡途径,ALIAS_OF
SolidWorks,SOLIDWORKS,ALIAS_OF
不确定性分析,不确定度分析,ALIAS_OF
卷积神经网络模型,卷积神经网络,ALIAS_OF
Self-Assembly,Self-assembly,ALIAS_OF
阻塞性睡眠呼吸暂停综合征,阻塞性睡眠呼吸暂停低通气综合征,ALIAS_OF
六自由度位姿估计,6自由度位姿估计,ALIAS_OF
n-Gorenstein弱投射余模,Gorenstein弱投射余模,ALIAS_OF
地形测量,地形测绘,ALIAS_OF
月球探测导航,月球导航,ALIAS_OF
光学部件制造,光学制造,ALIAS_OF
信息素质教育,信息素养教育,ALIAS_OF
核转录因子-κB,核因子-κB,ALIAS_OF
氧化还原,氧化-还原,ALIAS_OF
肾脏移植,肾移植,ALIAS_OF
多囊卵巢综合症,多囊卵巢综合征,ALIAS_OF
急性心肌梗死/ST段抬高,急性ST段抬高型心肌梗死,ALIAS_OF
Non-covalent interaction,Non-covalent interactions,ALIAS_OF
logit模型,Logit模型,ALIAS_OF
Oxygen reduction reaction,oxygen reduction reaction,ALIAS_OF
肌减少症,肌肉减少症,ALIAS_OF
量子信息系统,量子信息,ALIAS_OF
swin transformer,Swin Transformer,ALIAS_OF
（1/G′）-展开方法,(1/G)-展开法,ALIAS_OF
毛霉菌病,毛霉病,ALIAS_OF
perovskite,Perovskite,ALIAS_OF
PEDOT,PSS: PEDOT:PSS,ALIAS_OF
智能家电,智能家居,ALIAS_OF
超分子化学与物理,超分子化学,ALIAS_OF
对策和建议,对策与建议,ALIAS_OF
solid-state NMR,Solid State NMR,ALIAS_OF
计算机辅助诊断系统,计算机辅助诊断,ALIAS_OF
食品质量安全,食品安全,ALIAS_OF
cytotoxicity,Cytotoxicity,ALIAS_OF
集成电路工艺制程,集成电路工艺,ALIAS_OF
成本效果分析,成本-效果分析,ALIAS_OF
儿童专用药,儿童用药,ALIAS_OF
妊娠期高血压疾病,妊娠期高血压,ALIAS_OF
承载能力,承载力,ALIAS_OF
症状群管理,症状管理,ALIAS_OF
生物应用,生物医学应用,ALIAS_OF
多发性硬化症,多发性硬化,ALIAS_OF
海表面温度,海表温度,ALIAS_OF
Self‐assembly,Self-assembly,ALIAS_OF
数字基础设施建设,数字基础设施,ALIAS_OF
靶向用药,靶向药物,ALIAS_OF
Goldbach-Linnik型问题,Goldbach-Linnik问题,ALIAS_OF
痰瘀同治方,痰瘀同治,ALIAS_OF
冠状动脉疾病,冠心病,ALIAS_OF
冠脉微循环功能障碍,冠状动脉微循环功能障碍,ALIAS_OF
肺动脉栓塞,肺栓塞,ALIAS_OF
桥梁结构健康监测,桥梁健康监测,ALIAS_OF
塞内卡病毒A(SVA),A型塞内卡病毒(SVA),ALIAS_OF
neurotransmitters,Neurotransmitters,ALIAS_OF
生鲜品,生鲜产品,ALIAS_OF
高效液相色谱串联质谱,高效液相色谱-串联质谱,ALIAS_OF
基于模型的体系工程,基于模型的系统工程,ALIAS_OF
抗体药物偶联物,抗体偶联药物,ALIAS_OF
中西医综合疗法,中西医结合治疗,ALIAS_OF
鸽副黏病毒Ⅰ型,鸽Ⅰ型副黏病毒,ALIAS_OF
规划布局,布局规划,ALIAS_OF
含无细胞百白破成分联合疫苗,无细胞百白破联合疫苗,ALIAS_OF
Host-guest complexation,host-guest complexation,ALIAS_OF
Word2vec,Word2Vec,ALIAS_OF
数字病理科,数字病理,ALIAS_OF
双减政策,“双减”政策,ALIAS_OF
arduino,Arduino,ALIAS_OF
文档级实体关系抽取,文档级关系抽取,ALIAS_OF
计算机体层摄影血管造影术,计算机体层摄影血管造影,ALIAS_OF
肿瘤免疫治疗,抗肿瘤免疫治疗,ALIAS_OF
black phosphorus,Black phosphorus,ALIAS_OF
数字化供应链,供应链数字化,ALIAS_OF
随机扰动项,随机扰动,ALIAS_OF
高脂血症性急性胰腺炎,高甘油三酯血症性急性胰腺炎,ALIAS_OF
Romax仿真分析,Romax仿真,ALIAS_OF
骨病,骨疾病,ALIAS_OF
视网膜病变,视网膜疾病,ALIAS_OF
海洋大气,海洋-大气,ALIAS_OF
电子器件封装,电子封装,ALIAS_OF
安全防护,安全防御,ALIAS_OF
胃癌癌前病变,胃癌前病变,ALIAS_OF
呼吸系统感染疾病,呼吸道感染性疾病,ALIAS_OF
食品包装材料,食品包装,ALIAS_OF
慢性高血压病,慢性高血压,ALIAS_OF
免疫特性,免疫特征,ALIAS_OF
局部表面等离子体共振,局域表面等离子体共振,ALIAS_OF
骨髓来源间充质干细胞,骨髓间充质干细胞,ALIAS_OF
计算机断层扫描成像,计算机断层扫描,ALIAS_OF
Mol­ecular conformation,Molecular conformation,ALIAS_OF
异构多源多模态数据,多源异构数据,ALIAS_OF
齿轮系统,齿轮传动机构,ALIAS_OF
MER topology,MER Topology,ALIAS_OF
芯片项目,芯片开发项目,ALIAS_OF
混合随机微分方程,混合型随机微分方程,ALIAS_OF
网络拓扑结构,网络拓扑,ALIAS_OF
machine learning,Machine learning,ALIAS_OF
高脂血症性胰腺炎,高甘油三酯血症性急性胰腺炎,ALIAS_OF
数学多元表征理论,数学多元表征,ALIAS_OF
Cd,CD,ALIAS_OF
Light-harvesting,Light-harvesting system,ALIAS_OF
Crown ethers,Crown ether,ALIAS_OF
样机实验,实验样机,ALIAS_OF
数智转型,数智化转型,ALIAS_OF
图像语义内容分割,图像语义分割,ALIAS_OF
椭圆方程,椭圆型方程,ALIAS_OF
宫颈细胞学,子宫颈细胞学,ALIAS_OF
wnt/β-catenin信号通路,Wnt/β-catenin信号通路,ALIAS_OF
全球疫苗免疫联盟,全球疫苗与免疫联盟,ALIAS_OF
second harmonic generation,Second Harmonic Generation,ALIAS_OF
埃博拉病毒病,埃博拉病毒,ALIAS_OF
Logistic回归分析模型,Logistic回归,ALIAS_OF
动脉硬化,动脉粥样硬化,ALIAS_OF
智能虫情测报灯,智能自动虫情测报灯,ALIAS_OF
outer‐surface interactions,Outer-surface interactions,ALIAS_OF
钠葡萄糖转运蛋白-2抑制剂,钠-葡萄糖共转运蛋白2抑制剂,ALIAS_OF
photocyclization,Photocyclization,ALIAS_OF
Resonance energy transfer,Fluorescence resonance energy transfer,ALIAS_OF
host-guest interaction,Host-Guest interaction,ALIAS_OF
gas sensor,Gas sensor,ALIAS_OF
风力发电机,风力发电,ALIAS_OF
碳硫键,碳-硫键,ALIAS_OF
商品化疫苗,商业化疫苗,ALIAS_OF
超高效液相色谱-串联质谱仪,超高效液相色谱-质谱联用,ALIAS_OF
数字营销,数字化营销,ALIAS_OF
集成电路产业集群,集成电路产业,ALIAS_OF
无线传感网络,无线传感器网络,ALIAS_OF
沸石咪唑骨架材料,沸石咪唑酯骨架材料,ALIAS_OF
轻量化模型,模型轻量化,ALIAS_OF
脾虚湿阻,脾虚湿困,ALIAS_OF
logistic回归模型,Logistic回归,ALIAS_OF
冠状动脉微血管功能障碍,冠状动脉微循环功能障碍,ALIAS_OF
γ氨基丁酸,γ-氨基丁酸,ALIAS_OF
绝缘层上硅,绝缘体上硅,ALIAS_OF
Alzheimer disease,Alzheimer’s disease,ALIAS_OF
家庭照顾者,家庭照护者,ALIAS_OF
多组学联合分析,多组学分析,ALIAS_OF
知识传递,知识传播,ALIAS_OF
肺疾病,肺部疾病,ALIAS_OF
芯片研发项目,芯片开发项目,ALIAS_OF
photochromism,Photochromism,ALIAS_OF
超分子框架结构,超分子框架,ALIAS_OF
解的唯一性,解的存在性与唯一性,ALIAS_OF
溶胶—凝胶,溶胶-凝胶法,ALIAS_OF
口腔微生物菌群,口腔微生物,ALIAS_OF
gels,Gels,ALIAS_OF
双向门控循环单元,双向循环门控单元,ALIAS_OF
分布鲁棒优化,分布式鲁棒优化,ALIAS_OF
慢性自发性荨麻疹,慢性荨麻疹,ALIAS_OF
微生物组多样性,微生物多样性,ALIAS_OF
农技知识,农业知识,ALIAS_OF
不明原因严重急性儿童肝炎,不明原因儿童严重急性肝炎,ALIAS_OF
医疗文本分类,医学文本分类,ALIAS_OF
膝骨性关节炎,膝骨关节炎,ALIAS_OF
中医药学,中医学,ALIAS_OF
行星和卫星,气态行星: 行星和卫星:气态行星,ALIAS_OF
滑膜炎症,滑膜炎,ALIAS_OF
针灸疗法,针灸治疗,ALIAS_OF
density functional theory,Density functional theory,ALIAS_OF
无细胞百白破疫苗,无细胞百白破联合疫苗,ALIAS_OF
数字化创新,数字创新,ALIAS_OF
molecular catalysts,Molecular catalysis,ALIAS_OF
宏基因组学分析,宏基因组分析,ALIAS_OF
拓扑模型,拓扑关系模型,ALIAS_OF
混沌多项式展开,多项式混沌展开,ALIAS_OF
quality control,Quality control,ALIAS_OF
遗传演化分析,遗传变异分析,ALIAS_OF
python,Python,ALIAS_OF
血小板和淋巴细胞比值,血小板与淋巴细胞比值,ALIAS_OF
electrostatic interaction,Electrostatic interactions,ALIAS_OF
编码解码器,编码器-解码器,ALIAS_OF
肺炎球菌结合疫苗,肺炎球菌疫苗,ALIAS_OF
二型糖尿病,2型糖尿病,ALIAS_OF
Adams,ADAMS,ALIAS_OF
micelles,Micelle,ALIAS_OF
青年人,青年,ALIAS_OF
Crystal engineering,Crystal Engineering,ALIAS_OF
数字病理学,数字病理,ALIAS_OF
静脉血栓栓塞症,静脉血栓栓塞,ALIAS_OF
阶一周期解,阶1周期解,ALIAS_OF
网格剖分,剖分网格,ALIAS_OF
thermal stability,Thermal stability,ALIAS_OF
扫描隧道显微术,扫描隧道显微镜,ALIAS_OF
刑事证据审查判断,刑事证据判断,ALIAS_OF
正电子发射断层显像术,正电子发射断层扫描,ALIAS_OF
用水权交易,水权交易,ALIAS_OF
Openpose,OpenPose,ALIAS_OF
PROTACS,PROTACs,ALIAS_OF
蛋白质相互作用网络,蛋白-蛋白相互作用网络,ALIAS_OF
黄帝内经,《黄帝内经》,ALIAS_OF
免疫机能,免疫功能,ALIAS_OF
细胞程序性死亡,程序性细胞死亡,ALIAS_OF
农业有机废料,农业有机废弃物,ALIAS_OF
biological activity,Biological activity,ALIAS_OF
甘油三酯-葡萄糖指数,甘油三酯-葡萄糖乘积指数,ALIAS_OF
集成电路产业上市公司,集成电路上市企业,ALIAS_OF
心脑血管系统疾病,心脑血管疾病,ALIAS_OF
神经炎症,神经源性炎症,ALIAS_OF
欧盟人工智能法,欧盟《人工智能法》,ALIAS_OF
海洋生物污损,海洋污损生物,ALIAS_OF
载体疫苗,活载体疫苗,ALIAS_OF
Monte-Carlo模拟,Monte Carlo模拟,ALIAS_OF
扫描力探针显微术,扫描探针显微术,ALIAS_OF
智慧机器人,智能机器人,ALIAS_OF
RNA-seq,RNA-Seq,ALIAS_OF
电荷分离态,电荷分离,ALIAS_OF
Suzuki-Miyaura交叉偶联反应,Suzuki-Miyaura偶联反应,ALIAS_OF
乳腺超声检查,乳腺超声,ALIAS_OF
解的存在唯一性,解的存在性与唯一性,ALIAS_OF
慢性肾脏疾病,慢性肾脏病,ALIAS_OF
Supramolecular-assembly,Supramolecular assembly,ALIAS_OF
可持续农业发展,农业可持续发展,ALIAS_OF
血脂代谢,血脂异常,ALIAS_OF
Hydrogen bonds,Hydrogen bond,ALIAS_OF
磁场耦合,电磁耦合,ALIAS_OF
炎症反应,炎性反应,ALIAS_OF
发展路线图,发展路径,ALIAS_OF
痰湿质,痰湿体质,ALIAS_OF
共振稀疏分解,共振稀疏信号分解,ALIAS_OF
Supramolecular structures,Supramolecular structure,ALIAS_OF
cyclodextrin,Cyclodextrin,ALIAS_OF
肿瘤浸润淋巴细胞,肿瘤浸润性淋巴细胞,ALIAS_OF
粪便菌群移植,粪便微生物群移植,ALIAS_OF
鲫病害,鲫鱼病害,ALIAS_OF
叙事性干预,叙事干预,ALIAS_OF
氟化物,氟化学,ALIAS_OF
系统电化学,电化学系统,ALIAS_OF
长征五号火箭,长征五号运载火箭,ALIAS_OF
structure controllable synthesis,structure-controllable synthesis,ALIAS_OF
meta分析,Meta分析,ALIAS_OF
新型冠状病毒性肺炎,新型冠状病毒肺炎,ALIAS_OF
Lithium‐ion batteries,Lithium-ion batteries,ALIAS_OF
biomedical applications,Biomedical Applications,ALIAS_OF
生态环境治理,生态治理,ALIAS_OF
病毒样颗粒(VLPs),病毒样颗粒(VLP),ALIAS_OF
Toll受体激动剂,Toll样受体激动剂,ALIAS_OF
慢性乙型肝炎,乙型病毒性肝炎,ALIAS_OF
Host-guest interactions,Host-Guest interactions,ALIAS_OF
激光增材制造装备,激光增材制造,ALIAS_OF
共生微生物群,共生微生物,ALIAS_OF
话语特点,话语特征,ALIAS_OF
综合性实验,综合实验,ALIAS_OF
集成电路封装设计,集成电路封装,ALIAS_OF
人机结合智能,人机融合智能,ALIAS_OF
反向遗传操作技术,反向遗传学,ALIAS_OF
减毒疫苗,减毒活疫苗,ALIAS_OF
合成生物技术,合成生物学,ALIAS_OF
软硬协同设计,软硬件协同设计,ALIAS_OF
肝郁脾虚型,肝郁脾虚,ALIAS_OF
伤残损失寿命年,伤残寿命损失年,ALIAS_OF
比较基因组学分析,比较基因组学,ALIAS_OF
遗传基因,基因遗传,ALIAS_OF
蛋白质结构,蛋白结构,ALIAS_OF
复合金属氧化物,复合氧化物,ALIAS_OF
Schiff Base,Schiff base,ALIAS_OF
Deepseek,DeepSeek,ALIAS_OF
轨道动力学,轨道力学,ALIAS_OF
癌症亚型分类,癌症亚型分层,ALIAS_OF
表/界面结构,界面结构,ALIAS_OF
癌症相关认知功能障碍,癌症相关性认知功能障碍,ALIAS_OF
药物敏感,药物敏感性,ALIAS_OF
标准化差值植被指数,归一化差值植被指数,ALIAS_OF
有机硒化物,有机硒化合物,ALIAS_OF
2-吗啉-2-苯基乙酸衍生物,2-吗啉-2-苯基乙酸,ALIAS_OF
流行状况,流行情况,ALIAS_OF
RhoA/ROCK通路,RhoA-ROCK通路,ALIAS_OF
非接触测试,非接触式测量,ALIAS_OF
小学高学段学生,小学高年级学生,ALIAS_OF
急性呼吸综合征冠状病毒2(SARS-CoV-2),严重急性呼吸系统综合征冠状病毒2型(SARS-CoV-2),ALIAS_OF
疾病预防和控制,疾病预防控制,ALIAS_OF
肌萎缩,肌肉萎缩,ALIAS_OF
微电子机械系统(MEMS)技术,微机电系统(MEMS),ALIAS_OF
自注意力机制网络,注意力机制网络,ALIAS_OF
有机分子组装,有机分子自组装,ALIAS_OF
数字教学资源,数字化教学资源,ALIAS_OF
产业结构高级化,产业结构高度化,ALIAS_OF
集成电路产业链,集成电路产业,ALIAS_OF
球虫疾病,球虫病,ALIAS_OF
太阳电池,太阳能电池,ALIAS_OF
微波单片集成电路,单片微波集成电路,ALIAS_OF
突变基因,基因突变,ALIAS_OF
全髋关节置换,人工全髋关节置换术,ALIAS_OF
计算机断层成像,计算机断层扫描,ALIAS_OF
载荷特点,载荷特性,ALIAS_OF
锰基催化剂,锰催化剂,ALIAS_OF
耳穴贴压疗法,耳穴贴压法,ALIAS_OF
长短期记忆网络LSTM,长短期记忆网络(LSTM),ALIAS_OF
传播特点,传播特征,ALIAS_OF
钙钛矿氧化物,钙钛矿型氧化物,ALIAS_OF
十八烷基三氯硅烷(OTS),十八烷基三氯硅烷,ALIAS_OF
决策树–马尔可夫模型,决策树-马尔可夫模型,ALIAS_OF
心肌再灌注损伤,心肌缺血再灌注损伤,ALIAS_OF
可充电锌-空电池,可充电锌-空气电池,ALIAS_OF
中医防治,中医药防治,ALIAS_OF
即时语义分割,实时语义分割,ALIAS_OF
Synthesis,synthesis,ALIAS_OF
教育的本质,教育本质,ALIAS_OF
均方指数稳定性,均方指数稳定,ALIAS_OF
去噪扩散模型,去噪扩散概率模型,ALIAS_OF
纤维复合材料,纤维增强复合材料,ALIAS_OF
大学生,心理亚健康: 大学生:心理亚健康,ALIAS_OF
pyrene,Pyrene,ALIAS_OF
hydrogen bonds,Hydrogen bond,ALIAS_OF
几何布朗运动模型,几何布朗运动,ALIAS_OF
MPs,MPS,ALIAS_OF
农作物害虫,农业害虫,ALIAS_OF
教学实验,实验教学,ALIAS_OF
乙肝免疫球蛋白,乙型肝炎免疫球蛋白,ALIAS_OF
antimicrobial peptides,Antimicrobial peptides,ALIAS_OF
免疫预防,免疫防控,ALIAS_OF
乙型肝炎病毒表面抗体,乙型肝炎表面抗体,ALIAS_OF
iodine adsorption,Iodine adsorption,ALIAS_OF
树枝聚合物,树枝状聚合物,ALIAS_OF
加氢脱氧,催化加氢脱氧,ALIAS_OF
齿根裂纹扩展,齿根裂纹,ALIAS_OF
混合次分数布朗运动,混合分数布朗运动,ALIAS_OF
LibGuide,LibGuides,ALIAS_OF
制造企业智能化,制造业智能化,ALIAS_OF
脱细胞外基质,脱细胞基质,ALIAS_OF
碳排放绩效,碳减排绩效,ALIAS_OF
医护人员,医务人员,ALIAS_OF
平衡θ-Heun法,平衡θ-Heun方法,ALIAS_OF
几何规划法,几何规划,ALIAS_OF
生物地理学,生物地理,ALIAS_OF
新品上市定价,新产品定价,ALIAS_OF
免疫组织化学染色法,免疫组织化学染色,ALIAS_OF
萎缩性胃炎,慢性萎缩性胃炎,ALIAS_OF
经皮冠状动脉介入治疗术,经皮冠状动脉介入治疗,ALIAS_OF
碳排放量,碳排放,ALIAS_OF
抗菌素耐药,抗微生物药物耐药性,ALIAS_OF
异质集成,异质异构集成,ALIAS_OF
PI3K/Akt/NF-κB信号通路,PI3K/AKT/NF-κB信号通路,ALIAS_OF
chiplet,Chiplet,ALIAS_OF
融合多模态,多模态融合,ALIAS_OF
结构与性能关系,结构-性能关系,ALIAS_OF
急性深静脉血栓,深静脉血栓,ALIAS_OF
自组装分子层,自组装单分子层,ALIAS_OF
等离子体带,等离子体,ALIAS_OF
免疫学机制,免疫机制,ALIAS_OF
乳腺X线摄影,乳腺X射线摄影,ALIAS_OF
冠脉CT血管造影,冠状动脉CT血管成像,ALIAS_OF
反向遗传学技术,反向遗传学,ALIAS_OF
转基因农作物,转基因作物,ALIAS_OF
实体关系联合抽取,实体关系抽取,ALIAS_OF
定向全卷积神经网络,全卷积神经网络,ALIAS_OF
政策演变,政策演化,ALIAS_OF
量子科技,量子技术,ALIAS_OF
门诊医疗信息系统,门诊信息系统,ALIAS_OF
生物学特点,生物学特征,ALIAS_OF
等效线性化法,等效线性化,ALIAS_OF
crystal structures,Crystal structures,ALIAS_OF
多尺寸卷积,多尺度卷积,ALIAS_OF
结构复合材料,复合材料结构,ALIAS_OF
版权侵权风险,侵权风险,ALIAS_OF
任务复杂性,任务复杂度,ALIAS_OF
补肺益肾组分方Ⅱ,补肺益肾方,ALIAS_OF
医疗知识图谱,医学知识图谱,ALIAS_OF
人二倍体细胞MRC-5,人二倍体MRC-5细胞,ALIAS_OF
中小学学生,中小学生,ALIAS_OF
食品香料,食品用香料,ALIAS_OF
Unet,UNet,ALIAS_OF
光滑粒子流体动力学方法,光滑粒子流体动力学,ALIAS_OF
工业机器人渗透度,工业机器人渗透率,ALIAS_OF
非均相臭氧催化,非均相催化臭氧氧化,ALIAS_OF
组织再生修复,组织修复和再生,ALIAS_OF
蠕虫胶束,蠕虫状胶束,ALIAS_OF
健康服务,健康服务与管理,ALIAS_OF
Supramolecules,Supramolecule,ALIAS_OF
航天运输系统,航天运输体系,ALIAS_OF
生物性防控,生物防控,ALIAS_OF
金属有机骨架材料,金属-有机骨架材料,ALIAS_OF
药物化学合成,化学原料药,ALIAS_OF
炎症因子,炎性因子,ALIAS_OF
玻色爱因斯坦凝聚,玻色-爱因斯坦凝聚,ALIAS_OF
Yolo,YOLO,ALIAS_OF
蒙特卡罗模拟,蒙特卡洛模拟,ALIAS_OF
鼠李糖乳酪杆菌,鼠李糖乳杆菌,ALIAS_OF
猪气喘病,猪喘气病,ALIAS_OF
多属性群决策,多属性决策,ALIAS_OF
Caputo型分数阶微分方程,Caputo分数阶导数,ALIAS_OF
铁蛋白1,铁蛋白,ALIAS_OF
脾虚湿盛,脾虚湿困,ALIAS_OF
Faster-RCNN,Faster RCNN,ALIAS_OF
作物生长发育,作物生长,ALIAS_OF
X光电子能谱,X射线光电子能谱,ALIAS_OF
刚柔耦合模型,刚-柔耦合动力学,ALIAS_OF
催化臭氧氧化,催化臭氧化,ALIAS_OF
抗量子密码体制,抗量子密码,ALIAS_OF
糖苷化酶,糖苷酶,ALIAS_OF
食品检测,食品安全检测,ALIAS_OF
植物源次生代谢物,植物次生代谢物,ALIAS_OF
内脏高敏感性,内脏高敏感,ALIAS_OF
液体推进剂火箭发动机,液体火箭发动机,ALIAS_OF
节能减碳,节能减排,ALIAS_OF
车牌号识别,车牌识别,ALIAS_OF
光催化CO2转化,光催化CO2还原,ALIAS_OF
原发性高血压病,原发性高血压,ALIAS_OF
人类布鲁氏菌病,布鲁氏菌病,ALIAS_OF
生物接触氧化法,生物接触氧化,ALIAS_OF
烷烃硫醇,烷基硫醇,ALIAS_OF
白念珠菌,白色念珠菌,ALIAS_OF
智能聊天机器人,人工智能聊天机器人,ALIAS_OF
癌症防治健康素养,癌症健康素养,ALIAS_OF
熵权TOPSIS法,熵权-TOPSIS法,ALIAS_OF
长短期记忆(LSTM)网络,长短期记忆网络(LSTM),ALIAS_OF
整体可变形卷积网络,可变形卷积网络,ALIAS_OF
聚合物分子刷,分子刷聚合物,ALIAS_OF
纳米科学与技术,纳米科学,ALIAS_OF
降阶模型,模型降阶,ALIAS_OF
产业效率性,产业效率,ALIAS_OF
模型机理,机理模型,ALIAS_OF
骨髓间质干细胞,骨髓间充质干细胞,ALIAS_OF
疾病隐喻,疾病的隐喻,ALIAS_OF
氟化工,氟化学,ALIAS_OF
聚类分型,聚类分析,ALIAS_OF
风电齿轮箱,风电机组齿轮箱,ALIAS_OF
room temperature phosphorescence,Room temperature phosphorescence,ALIAS_OF
supramolecular chemistry,Supramolecular Chemistry,ALIAS_OF
self-assembled monolayer,Self-assembled monolayers,ALIAS_OF
量子信息技术,量子信息,ALIAS_OF
氨基酸类衍生物,氨基酸衍生物,ALIAS_OF
多智能体建模仿真,多智能体仿真,ALIAS_OF
子宫颈癌,宫颈癌,ALIAS_OF
小儿支气管哮喘,儿童支气管哮喘,ALIAS_OF
体系构建,体系建构,ALIAS_OF
城市绿地,城市公园绿地,ALIAS_OF
呼吸道感染,上呼吸道感染,ALIAS_OF
空间的生产,空间生产,ALIAS_OF
马立克病病毒,马立克氏病病毒,ALIAS_OF
金属纳米团簇,纳米金属簇,ALIAS_OF
演化比较基因组学,演化基因组学,ALIAS_OF
齿根曲线裂纹,齿根裂纹,ALIAS_OF
自动化行政决策,商业自动化决策,ALIAS_OF
特异性抗体,抗原特异性抗体,ALIAS_OF
antibacterial activity,Antibacterial activity,ALIAS_OF
减毒李斯特菌,减毒单增李斯特菌,ALIAS_OF
pillararenes,Pillararenes,ALIAS_OF
布鲁菌病,布鲁氏菌病,ALIAS_OF
密度泛函理论计算,密度泛函理论,ALIAS_OF
不确定量化,不确定性量化,ALIAS_OF
主体教育,主体性教育,ALIAS_OF
Nd,YAG激光: Nd:YAG激光,ALIAS_OF
p-Laplace算子,p-Laplacian算子,ALIAS_OF
数据隐私保护,数据隐私与保护,ALIAS_OF
大数据挖掘,数据挖掘,ALIAS_OF
H9亚型禽流感,H9N2亚型禽流感,ALIAS_OF
量子密码技术,量子密码,ALIAS_OF
数值模模拟,数值模拟,ALIAS_OF
化学合成技术,化学合成工艺,ALIAS_OF
ω-3多不饱和脂肪酸,Omega-3多不饱和脂肪酸,ALIAS_OF
耐药现状,耐药性现状,ALIAS_OF
海面温度,海表温度,ALIAS_OF
动脉粥样硬化性心血管疾病,动脉粥样硬化性心脑血管疾病,ALIAS_OF
诊断性试验,诊断试验,ALIAS_OF
电商双渠道供应链,双渠道供应链,ALIAS_OF
射血分数保留心力衰竭,射血分数保留性心力衰竭,ALIAS_OF
模式构建,模式建构,ALIAS_OF
层状钙钛矿,层状类钙钛矿,ALIAS_OF
细菌耐药,细菌抗生素耐药性,ALIAS_OF
嵌入向量,向量嵌入,ALIAS_OF
农业机械化发展,农业机械化,ALIAS_OF
农作物废弃物,农业废弃物,ALIAS_OF
PVA/PEDOT,PSS composite hydrogel: PVA/PEDOT: PSS composite hydrogel,ALIAS_OF
化学酶法合成,酶法合成,ALIAS_OF
糖尿病视网膜病变(DR),糖尿病性视网膜病变,ALIAS_OF
polyoxometalates,Polyoxometalate,ALIAS_OF
photoluminescence,Photoluminescence,ALIAS_OF
半导体产业企业,半导体产业,ALIAS_OF
halogen bonds,Halogen bond,ALIAS_OF
对比图象语言预训练,对比语言-图像预训练,ALIAS_OF
毒性测试,毒性试验,ALIAS_OF
心血管事件发生率,心脑血管事件发生率,ALIAS_OF
聚己二酸对苯二甲酸丁二酯,聚己二酸/对苯二甲酸丁二酯,ALIAS_OF
日志解析,日志分析,ALIAS_OF
大语言模型,大型语言模型,ALIAS_OF
芳香烃,芳烃,ALIAS_OF
树状突细胞,树突状细胞,ALIAS_OF
响应曲面法,响应曲面,ALIAS_OF
低覆盖度基因组,低覆盖度全基因组,ALIAS_OF
范式创新,创新范式,ALIAS_OF
芯片级原子钟,芯片原子钟,ALIAS_OF
拟人化类型,拟人化,ALIAS_OF
biomolecular assembly,Biomolecular assemblies,ALIAS_OF
农作物种植制度,农业种植制度,ALIAS_OF
风力发电机组,风力发电,ALIAS_OF
肿瘤分子标记物,肿瘤标志物,ALIAS_OF
上皮间质转化(EMT),上皮-间质转化(EMT),ALIAS_OF
评估指标体系,评价指标体系,ALIAS_OF
问卷调查,调查问卷,ALIAS_OF
结构特征,结构性质,ALIAS_OF
辐射探测器,辐射探测,ALIAS_OF
技术特点,技术特征,ALIAS_OF
logistic模型,Logistic模型,ALIAS_OF
chiral recognitions,Chiral Recognition,ALIAS_OF
遥感影像分割,遥感图像分割,ALIAS_OF
多学科融合,多学科交叉融合,ALIAS_OF
口服轮状病毒活疫苗,口服轮状病毒减毒活疫苗,ALIAS_OF
甘油三酯葡萄糖乘积指数,甘油三酯-葡萄糖乘积指数,ALIAS_OF
生物机制,生物学机制,ALIAS_OF
γ-内酯,γ-丁内酯,ALIAS_OF
CRISPR/Cas9系统,CRISPR-Cas9系统,ALIAS_OF
城乡居民基本医疗保险,城乡居民基本医保,ALIAS_OF
transformer,Transformer,ALIAS_OF
“微生物-肠-脑”轴,微生物-肠-脑轴,ALIAS_OF
抗体依赖性增强,抗体依赖增强,ALIAS_OF
嵌入理论,嵌入性理论,ALIAS_OF
慢性肾病,慢性肾脏病,ALIAS_OF
集成电路设计行业,集成电路设计,ALIAS_OF
性别差距,性别差异,ALIAS_OF
γ-谷氨酰转肽酶,γ-谷氨酰转移酶,ALIAS_OF
2.5D/3D集成,2.5D/3D芯粒集成,ALIAS_OF
platinum(II),Platinum(II),ALIAS_OF
田间农作物,田间作物,ALIAS_OF
逆重构,逆向重构,ALIAS_OF
water,Water,ALIAS_OF
集成电路制造企业,集成电路企业,ALIAS_OF
非线性特性,非线性特征,ALIAS_OF
生理学功能,生理功能,ALIAS_OF
disorder,Disorder,ALIAS_OF
航天运载器,航天运载,ALIAS_OF
图像诊断,影像诊断,ALIAS_OF
系统化学,电化学系统,ALIAS_OF
分子组装体系,分子组装,ALIAS_OF
电机驱动器,电机驱动,ALIAS_OF
molecular simulations,molecular simulation,ALIAS_OF
自动文本生成,文本自动生成,ALIAS_OF
巨型艾美耳球虫,大型艾美耳球虫,ALIAS_OF
人工智能艺术家,人工智能艺术,ALIAS_OF
N三甲基十六烷基溴化铵,十六烷基三甲基溴化铵,ALIAS_OF
存在性和唯一性,存在性与唯一性,ALIAS_OF
Biomedical applications,Biomedical Applications,ALIAS_OF
生态系统建设,生态体系建设,ALIAS_OF
carbon nanotubes,Carbon nanotubes,ALIAS_OF
精准防诊治,精准防治,ALIAS_OF
lncRNA,LncRNA,ALIAS_OF
Caputo-Hadamard导数,Caputo-Hadamard型导数,ALIAS_OF
多囊性肾病,多囊肾病,ALIAS_OF
微分方程系统,微分方程(系统),ALIAS_OF
制度构建,制度建构,ALIAS_OF
three-component reaction,Three-component reaction,ALIAS_OF
雌性激素,雌激素,ALIAS_OF
肠脑轴,肠-脑轴,ALIAS_OF
免疫层析试纸条,免疫层析试纸,ALIAS_OF
卡脖子技术,“卡脖子”技术,ALIAS_OF
酰胺自由基,酰胺氮自由基,ALIAS_OF
心理状况,心理状态,ALIAS_OF
生物质炭,生物炭,ALIAS_OF
重组腺病毒载体疫苗,重组腺病毒疫苗,ALIAS_OF
人布鲁氏菌病,布鲁氏菌病,ALIAS_OF
表界面结构,界面结构,ALIAS_OF
复合刚性微分方程,刚性微分方程,ALIAS_OF
航空航天薄壁件,航天薄壁件,ALIAS_OF
集成型工艺,集成工艺,ALIAS_OF
磁纳米颗粒,磁性纳米粒子,ALIAS_OF
外显子测序,全外显子测序,ALIAS_OF
核苷三磷酸,三磷酸核苷,ALIAS_OF
Polyoxometalates,Polyoxometalate,ALIAS_OF
排放特性,排放特征,ALIAS_OF
重组载体疫苗,重组活载体疫苗,ALIAS_OF
金属–有机框架,金属-有机框架,ALIAS_OF
基因组生物学,基因组学,ALIAS_OF
模糊数学法,模糊数学,ALIAS_OF
Hydrogels,Hydrogel,ALIAS_OF
新兴产业创新生态系统,产业创新生态系统,ALIAS_OF
非靶代谢组学,非靶向代谢组学,ALIAS_OF
美国国家综合癌症网络指南,美国国家综合癌症网络,ALIAS_OF
多属性综合决策,多属性决策,ALIAS_OF
中西医联合治疗,中西医结合治疗,ALIAS_OF
舒适性,舒适度,ALIAS_OF
中美芯片竞争,中美芯片之争,ALIAS_OF
water splitting,Water splitting,ALIAS_OF
微生物转化法,微生物转化,ALIAS_OF
炎癌转化,炎-癌转化,ALIAS_OF
决策树马尔科夫模型,决策树-马尔可夫模型,ALIAS_OF
AI for science,AI for Science,ALIAS_OF
刚柔耦合动力学,刚-柔耦合动力学,ALIAS_OF
自由度冗余,冗余自由度,ALIAS_OF
graphene patterning,Graphene Patterning,ALIAS_OF
负载催化剂,负载型催化剂,ALIAS_OF
压电光催化,压电-光催化,ALIAS_OF
multicolor luminescence,Multicolor luminescence,ALIAS_OF
等离子体强化催化,等离子体催化,ALIAS_OF
集成电路设计企业,集成电路企业,ALIAS_OF
预防与防控,预防与控制,ALIAS_OF
性能评价指标,性能指标,ALIAS_OF
肌萎缩性侧索硬化,肌萎缩侧索硬化,ALIAS_OF
碳素材料,碳材料,ALIAS_OF
卵清白蛋白,卵清蛋白,ALIAS_OF
半导体集成电路产业,半导体集成电路,ALIAS_OF
量子信息科技,量子信息,ALIAS_OF
开放性系统,开放系统,ALIAS_OF
发病特点,发病特征,ALIAS_OF
责任豁免,法律责任豁免,ALIAS_OF
心室功能障碍,心功能障碍,ALIAS_OF
分子间作用机制,分子间作用,ALIAS_OF
认知障碍,认知功能障碍,ALIAS_OF
5-Fu,5-FU,ALIAS_OF
超短期光伏预测,超短期光伏功率预测,ALIAS_OF
量子叠加态,量子叠加,ALIAS_OF
呼吸试验,呼吸功能试验,ALIAS_OF
circularly polarized luminescence,Circularly polarized luminescence,ALIAS_OF
低照度图像增强,低光图像增强,ALIAS_OF
antimicrobial activity,Antimicrobial activity,ALIAS_OF
多组学整合分析,多组学分析,ALIAS_OF
刑事规制,刑法规制,ALIAS_OF
NMR-spectroscopy,NMR spectroscopy,ALIAS_OF
porphyrins,Porphyrins,ALIAS_OF
慢性肺阻塞疾病,慢性阻塞性肺疾病,ALIAS_OF
表面等离子体子共振,局域表面等离子体共振,ALIAS_OF
Levy噪声,Lévy噪声,ALIAS_OF
aggregation-induced emission,Aggregation-Induced Emission,ALIAS_OF
原发免疫性血小板减少症,免疫性血小板减少症,ALIAS_OF
核壳结构,核-壳结构,ALIAS_OF
Protein-protein interactions,Protein-protein interaction,ALIAS_OF
难治性肺炎支原体肺炎,难治性支原体肺炎,ALIAS_OF
纳米薄膜,纳米复合薄膜,ALIAS_OF
实验课程,实践课程,ALIAS_OF
轻量化结构,轻量化,ALIAS_OF
轻量型卷积神经网络,轻量级卷积神经网络,ALIAS_OF
肝脏星状细胞,肝星状细胞,ALIAS_OF
supramolecules,Supramolecule,ALIAS_OF
化学法合成,化学合成,ALIAS_OF
Caputo分数阶积-微分方程,Caputo分数阶导数,ALIAS_OF
Ulam-Hyers-Rassias稳定性,Hyers-Ulam-Rassias稳定性,ALIAS_OF
特性曲线,特征曲线,ALIAS_OF
气道慢性非特异性炎症,气道慢性炎症,ALIAS_OF
核主成成分分析法,核主成分分析,ALIAS_OF
紫外线吸收剂,紫外吸收剂,ALIAS_OF
noncovalent bonding interactions,Non-covalent interactions,ALIAS_OF
革兰阴性菌,革兰氏阴性菌,ALIAS_OF
生物标记物,生物标志物,ALIAS_OF
疫苗研发,疫苗研制,ALIAS_OF
社会生态模型,社会生态学模型,ALIAS_OF
镍基配合物,镍配合物,ALIAS_OF
树枝状高分子,树枝状分子,ALIAS_OF
行星减速箱,行星减速器,ALIAS_OF
非圆行星齿轮马达,非圆行星齿轮,ALIAS_OF
电子计算机断层扫描成像,计算机断层扫描,ALIAS_OF
四氯锌酸根离子,四氯合锌根离子,ALIAS_OF
肝脏脂肪变性,肝脂肪变性,ALIAS_OF
谷胱甘肽过氧化酶,谷胱甘肽过氧化物酶,ALIAS_OF
尺度测量,尺寸测量,ALIAS_OF
科学计量法,科学计量,ALIAS_OF
智能教学过程,智能教学,ALIAS_OF
生物可降解高分子材料,可生物降解高分子材料,ALIAS_OF
碳水结合模块,碳水化合物结合模块,ALIAS_OF
电子-质子-分子传递,分子-电子-质子传递,ALIAS_OF
Self assembly,Self-assembly,ALIAS_OF
调度优化,优化调度,ALIAS_OF
光学芯片,光子芯片,ALIAS_OF
深空探测器,深空探测,ALIAS_OF
super-resolution microscopy,Super-resolution microscopy,ALIAS_OF
绝经后骨质疏松症,绝经后骨质疏松,ALIAS_OF
植物考古学,植物考古,ALIAS_OF
观测监测体系,监测体系,ALIAS_OF
光电探测器,光探测器,ALIAS_OF
心脏性猝死,心源性猝死,ALIAS_OF
红外光谱法,红外光谱,ALIAS_OF
主题式教学,主题化教学,ALIAS_OF
value alignment,Value alignment,ALIAS_OF
甲型肝炎,甲型病毒性肝炎,ALIAS_OF
多模态数据集,多模态数据,ALIAS_OF
差异性分析,差异分析,ALIAS_OF
Chirp变换频谱分析仪,Chirp变换频谱仪,ALIAS_OF
颈动脉内膜厚度,颈动脉内膜中层厚度,ALIAS_OF
辐射传输模拟,辐射传输模型,ALIAS_OF
慢性HBV感染者,慢性HBV感染,ALIAS_OF
带通滤波,带通滤波器,ALIAS_OF
transformer模型,Transformer模型,ALIAS_OF
航空航天复杂构件,航天复杂构件,ALIAS_OF
超分辨成像,图像超分辨率,ALIAS_OF
预训练模型,大规模预训练模型,ALIAS_OF
LABVIEW,LabVIEW,ALIAS_OF
医疗人工智能,人工智能医疗,ALIAS_OF
机遇与挑战,挑战和机遇,ALIAS_OF
次谐波混频器,分谐波混频器,ALIAS_OF
多功能纳米材料,功能化纳米材料,ALIAS_OF
π…π堆积,π-π堆叠,ALIAS_OF
成形工艺,成型工艺,ALIAS_OF
冠状动脉微血管疾病,冠状动脉微循环功能障碍,ALIAS_OF
phase transitions,Phase Transitions,ALIAS_OF
空天飞行器,空天飞机,ALIAS_OF
量子非局域性,量子非定域性,ALIAS_OF
intermolecular interactions,Intermolecular interactions,ALIAS_OF
cell imaging,Cell imaging,ALIAS_OF
《阿凡达,水之道》: 《阿凡达:水之道》,ALIAS_OF
病理组织图像,病理图像,ALIAS_OF
scanning tunneling microscopy,Scanning Tunneling Microscopy,ALIAS_OF
n,N,ALIAS_OF
低光照图像增强,低光图像增强,ALIAS_OF
干旱地区,干旱区,ALIAS_OF
土壤生态,土壤环境,ALIAS_OF
绿色合成化学,绿色化学合成,ALIAS_OF
病因研究,病因探究,ALIAS_OF
成簇的规则间隔短回文重复序列(CRISPR/Cas9),CRISPR/Cas9,ALIAS_OF
肝损害,肝损伤,ALIAS_OF
肺血管重塑,肺动脉血管重塑,ALIAS_OF
神经网络架构搜索,神经架构搜索,ALIAS_OF
自组装体,自组装,ALIAS_OF
Ⅲ型分泌系统,III型分泌系统,ALIAS_OF
射频微系统,射频微机电,ALIAS_OF
化学动力学疗法(CDT),化学动力学治疗(CDT),ALIAS_OF
氧化性应激,氧化应激,ALIAS_OF
PI控制器,PI控制,ALIAS_OF
情景构建,情境构建,ALIAS_OF
青少年脊柱侧弯,青少年特发性脊柱侧弯,ALIAS_OF
儿童肿瘤,儿童恶性肿瘤,ALIAS_OF
积极心理学理论,积极心理学,ALIAS_OF
Single-crystal,Single Crystal,ALIAS_OF
头颈部鳞癌,头颈部鳞状细胞癌,ALIAS_OF
α突触核蛋白,α-突触核蛋白,ALIAS_OF
“鲍莫尔病”,鲍莫尔病,ALIAS_OF
inflammation,Inflammation,ALIAS_OF
叶绿体基因组,叶绿体全基因组,ALIAS_OF
群体基因组学,群体基因组,ALIAS_OF
眼部疾病,眼科疾病,ALIAS_OF
人工智能伦理观,人工智能伦理,ALIAS_OF
过继性细胞疗法,过继性细胞治疗,ALIAS_OF
多原发肺癌,多原发性肺癌,ALIAS_OF
supramolecule,Supramolecule,ALIAS_OF
自组装单分子层膜,分子自组装单层膜,ALIAS_OF
良性前列腺增生症,良性前列腺增生,ALIAS_OF
“炎-癌转化”,炎-癌转化,ALIAS_OF
高心墙堆石坝,心墙堆石坝,ALIAS_OF
肠-脑微生物群轴,微生物-肠-脑轴,ALIAS_OF
生物学可解释性,生物可解释性,ALIAS_OF
CO2电催化还原,电催化CO2还原,ALIAS_OF
非甾体类抗炎药,非甾体抗炎药,ALIAS_OF
self-correction,Self-Correction,ALIAS_OF
癌症生物标志物,癌症标志物,ALIAS_OF
GaAs pHEMT,GaAs PHEMT,ALIAS_OF
超分子功能材料,功能超分子材料,ALIAS_OF
DNA折纸结构,DNA折纸术,ALIAS_OF
数字医疗,数字化医疗,ALIAS_OF
癌症复发恐惧心理,癌症复发恐惧,ALIAS_OF
copper,Copper,ALIAS_OF
抗菌药物,抗菌药,ALIAS_OF
四川省,四川,ALIAS_OF
structural analysis,Structural analysis,ALIAS_OF
绿色农业发展,农业绿色发展,ALIAS_OF
免疫抑制药物,免疫抑制剂,ALIAS_OF
科学知识图谱,学科知识图谱,ALIAS_OF
人乳头瘤病毒(Human papillomavirus,人乳头瘤病毒(Human papillomavirus),ALIAS_OF
肿瘤微生物,肿瘤内微生物,ALIAS_OF
聚N-异丙基丙烯酰胺,聚(N-异丙基丙烯酰胺),ALIAS_OF
coordination chemistry,Coordination chemistry,ALIAS_OF
Polymer folding,Polymer Folding,ALIAS_OF
扫描声学显微镜,声学扫描显微镜,ALIAS_OF
网络药理,网络药理学,ALIAS_OF
对流扩散方程,对流-扩散方程,ALIAS_OF
自动化测试系统,自动化测试,ALIAS_OF
量子通讯复杂度,量子通信复杂度,ALIAS_OF
齿裂纹,齿根裂纹,ALIAS_OF
甲烷蒸汽重整,甲烷水蒸气重整,ALIAS_OF
慢性阻塞性肺病,慢性阻塞性肺疾病,ALIAS_OF
light,Light,ALIAS_OF
二氧化碳还原反应,二氧化碳电还原,ALIAS_OF
微纳米药物载体,纳米药物载体,ALIAS_OF
名老中医经验传承,名老中医传承,ALIAS_OF
降解塑料,可降解塑料,ALIAS_OF
肠道-脑轴,肠-脑轴,ALIAS_OF
“肺-肠轴”,肺-肠轴,ALIAS_OF
猪腹泻病毒,猪流行性腹泻病毒,ALIAS_OF
circRNAs,CircRNAs,ALIAS_OF
化疗致周围神经病变,化疗所致周围神经病变,ALIAS_OF
肿瘤标记物,肿瘤标志物,ALIAS_OF
“技术—经济”范式,技术—经济范式,ALIAS_OF
水痘带状疱疹病毒,水痘-带状疱疹病毒,ALIAS_OF
神经系统保护,神经保护,ALIAS_OF
对比剂急性肾损伤,对比剂后急性肾损伤,ALIAS_OF
外用药物,外用药,ALIAS_OF
数据管理系统,数据库管理系统,ALIAS_OF
灵敏性分析,灵敏度分析,ALIAS_OF
人群密度,卷积神经网络: 人群密度:卷积神经网络,ALIAS_OF
particle engineering,Particle Engineering,ALIAS_OF
慢性肾衰竭,慢性肾功能衰竭,ALIAS_OF
酶活性改造,酶改造,ALIAS_OF
模型应用,大模型应用,ALIAS_OF
植物提取法,植物提取,ALIAS_OF
交感神经,交感神经系统,ALIAS_OF
物理力学特性,力学特性,ALIAS_OF
g,G,ALIAS_OF
4′-联吡啶,4'-联吡啶,ALIAS_OF
Yolov5,YOLOv5,ALIAS_OF
心脑血管病变,心脑血管疾病,ALIAS_OF
图像处理分析,图像处理,ALIAS_OF
免疫效果评价,免疫效力评价,ALIAS_OF
中性粒细胞胞外陷阱,中性粒细胞外陷阱,ALIAS_OF
全身炎症反应综合征,全身性炎症反应综合征,ALIAS_OF
胞元结构,元胞结构,ALIAS_OF
(准)聚轮烷,聚轮烷,ALIAS_OF
功能基因组学,功能基因组,ALIAS_OF
生成型人工智能,生成式人工智能,ALIAS_OF
农业结构,农业产业结构,ALIAS_OF
crystal structure,Crystal structure,ALIAS_OF
全死因死亡,全因死亡,ALIAS_OF
vesicle,Vesicle,ALIAS_OF
多层薄膜,多层膜,ALIAS_OF
表面等离子共振,局域表面等离子体共振,ALIAS_OF
分数阶KGS方程组,分数阶KGS方程,ALIAS_OF
双极工艺,双极型工艺,ALIAS_OF
组装合成,合成组装,ALIAS_OF
化学合成药,化学原料药,ALIAS_OF
thin films,Thin films,ALIAS_OF
美国国立综合癌症网络指南,美国国家综合癌症网络,ALIAS_OF
电化学制备臭氧,电化学产臭氧,ALIAS_OF
心脑血管系统,心脑血管,ALIAS_OF
耦合度模型,耦合协调度模型,ALIAS_OF
肠道类器官,肠类器官,ALIAS_OF
计算模拟,模拟计算,ALIAS_OF
端云协同,云边端协同,ALIAS_OF
超分子纳米功能材料,超分子纳米材料,ALIAS_OF
靶向治疗药物,靶向药物,ALIAS_OF
中医药治疗,中医治疗,ALIAS_OF
amino acids,Amino acids,ALIAS_OF
Jak-STAT,JAK-STAT,ALIAS_OF
媒介传染病模型,媒介传播传染病模型,ALIAS_OF
仿真建模,建模仿真,ALIAS_OF
甲型肝炎病毒,甲型病毒性肝炎,ALIAS_OF
Word2vec模型,Word2Vec模型,ALIAS_OF
Covid-19,COVID-19,ALIAS_OF
prompting,Prompt,ALIAS_OF
大肠埃希氏菌,大肠埃希菌,ALIAS_OF
积分—偏微分方程,积分-偏微分方程,ALIAS_OF
农作物病害识别,作物病害识别,ALIAS_OF
环境系统工程,环境工程,ALIAS_OF
phototherapy,Phototherapy,ALIAS_OF
β胡萝卜素,β-胡萝卜素,ALIAS_OF
肌少性肥胖,少肌性肥胖,ALIAS_OF
槽填充,槽位填充,ALIAS_OF
穴位贴敷,穴位敷贴,ALIAS_OF
“岗课赛证”,岗课赛证,ALIAS_OF
高级氧化技术,高级氧化工艺,ALIAS_OF
difluoroboron β-diketonate,Difluoroboron β-diketonate,ALIAS_OF
随机离散模型,离散随机模型,ALIAS_OF
Cryo electron microscopy,Cryo-electron microscopy,ALIAS_OF
聚酰胺类树形分子,聚酰胺-胺类树形分子,ALIAS_OF
聚合物复合材料,聚合物基复合材料,ALIAS_OF
政府补贴,政府补助,ALIAS_OF
幼托机构,托幼机构,ALIAS_OF
社交网络,社交平台,ALIAS_OF
干细胞再生医学,干细胞与再生医学,ALIAS_OF
糖尿病慢性并发症,糖尿病并发症,ALIAS_OF
视觉语言预训练,视觉-语言预训练,ALIAS_OF
微量细胞病变中和试验,微量细胞中和试验,ALIAS_OF
秸秆资源量,秸秆资源,ALIAS_OF
社会性风险,社会风险,ALIAS_OF
氧化还原交叉偶联,氧化交叉偶联,ALIAS_OF
商用货架产品,商业货架产品,ALIAS_OF
崎岖地表,崎岖地形,ALIAS_OF
模态特性,模态特征,ALIAS_OF
频率特性,频率特征,ALIAS_OF
表界面调控,界面调控,ALIAS_OF
自组装单分子薄膜,分子自组装单层膜,ALIAS_OF
orbitrap mass spectrometry,Orbitrap mass spectrometry,ALIAS_OF
能源利用效率,能源效率,ALIAS_OF
有限差分法,有限差分方法,ALIAS_OF
动态变形监测,变形监测,ALIAS_OF
寨卡病毒病,寨卡病毒,ALIAS_OF
糖尿病肾脏疾病,糖尿病肾病,ALIAS_OF
DFT calculation,DFT calculations,ALIAS_OF
分布式训练分散式执行,分布式训练分布式执行,ALIAS_OF
离散误差,离散化误差,ALIAS_OF
心血管病高危人群,心血管疾病高危人群,ALIAS_OF
可形变卷积,可变形卷积,ALIAS_OF
高校思政课教学范式,高校思政课教学模式,ALIAS_OF
Host-guest systems,Host-Guest Systems,ALIAS_OF
生物芯片技术,生物芯片,ALIAS_OF
生物学标志物,生物标志物,ALIAS_OF
工艺优化改进,工艺优化,ALIAS_OF
人机协同,人机协作,ALIAS_OF
小分子合成靶向药物,小分子靶向药物,ALIAS_OF
YOLOv4-tiny,YOLOv4-Tiny,ALIAS_OF
灵性照顾,灵性照护,ALIAS_OF
host–guest chemistry,Host-guest chemistry,ALIAS_OF
免疫紊乱,免疫功能紊乱,ALIAS_OF
无人机遥感影像,无人机遥感,ALIAS_OF
charge transfer complex,Charge-Transfer Complex,ALIAS_OF
阴道微生物组,阴道微生物群,ALIAS_OF
亚氨基苯并异呋喃,亚氨基异苯并呋喃,ALIAS_OF
产业链条,产业链,ALIAS_OF
复合纳米材料,纳米复合材料,ALIAS_OF
公共卫生治理体系,公共卫生体系,ALIAS_OF
中小学校,中小学,ALIAS_OF
废旧锂离子电池,废旧锂电池,ALIAS_OF
ultrasound,Ultrasound,ALIAS_OF
高致病性猪繁殖与呼吸综合征,高致病性猪繁殖与呼吸综合征病毒,ALIAS_OF
viologen,Viologen,ALIAS_OF
Supramolecular Assemblies,Supramolecular assemblies,ALIAS_OF
格林函数法,格林函数,ALIAS_OF
immunoadjuvants,Immunoadjuvants,ALIAS_OF
地下水水位,地下水位,ALIAS_OF
光谱特性,光谱特征,ALIAS_OF
蛋白靶点,蛋白质靶点,ALIAS_OF
空间集聚,空间聚集,ALIAS_OF
局部均值分解,局域均值分解,ALIAS_OF
塑料闪烁体阵列探测器,塑料闪烁体探测器,ALIAS_OF
慢性呼吸道病,慢性下呼吸道疾病,ALIAS_OF
产业演进,产业演化,ALIAS_OF
生物医药应用,生物医学应用,ALIAS_OF
行星和卫星: 形成,行星和卫星:形成,ALIAS_OF
经皮冠脉介入治疗,经皮冠状动脉介入治疗,ALIAS_OF
基因疫苗,基因工程疫苗,ALIAS_OF
四配位硼化合物,四配位有机硼化合物,ALIAS_OF
连接结构,结构连接,ALIAS_OF
柔性齿圈,内齿圈柔性,ALIAS_OF
photochemistry,Photochemistry,ALIAS_OF
Hydrogen-bonding,hydrogen bonding,ALIAS_OF
AHP-熵权组合法,AHP-熵权法,ALIAS_OF
视觉-语言预训练模型,视觉-语言预训练,ALIAS_OF
诊断和治疗,诊断与治疗,ALIAS_OF
载荷识别,动载荷识别,ALIAS_OF
四价流感病毒亚单位疫苗,四价流感疫苗,ALIAS_OF
分子组装器,分子组装,ALIAS_OF
类ChatGPT,ChatGPT类,ALIAS_OF
机械特性,机械性能,ALIAS_OF
急性暴发性心肌炎,暴发性心肌炎,ALIAS_OF
溶胶凝胶法,溶胶-凝胶法,ALIAS_OF
膝关节骨性关节炎,膝骨关节炎,ALIAS_OF
急性缺血性卒中,急性缺血性脑卒中,ALIAS_OF
fluorophores,Fluorophore,ALIAS_OF
single crystal X-rays diffraction,single-crystal X-ray diffraction,ALIAS_OF
高级别子宫颈鳞状上皮内病变,子宫颈高级别鳞状上皮内病变,ALIAS_OF
滑液支原体,滑液囊支原体,ALIAS_OF
磺胺甲恶唑,磺胺甲噁唑,ALIAS_OF
智能内生,内生智能,ALIAS_OF
固态电解质,固体电解质,ALIAS_OF
肝切除术后肝衰竭,肝切除术后肝功能衰竭,ALIAS_OF
vaccine delivery,Vaccine delivery,ALIAS_OF
显著目标检测,显著性目标检测,ALIAS_OF
补肾清利活血汤,益肾活血汤,ALIAS_OF
柔顺控制,柔顺性控制,ALIAS_OF
黏弹性,粘弹性,ALIAS_OF
巡检类机器人,巡检机器人,ALIAS_OF
耦合模型,耦合协调度模型,ALIAS_OF
YoloV5s,YOLOv5s,ALIAS_OF
spin crossover,Spin crossover,ALIAS_OF
脂类代谢,脂代谢,ALIAS_OF
异硫氰酸酯类,异硫氰酸酯,ALIAS_OF
精神类疾病,精神疾病,ALIAS_OF
aggregation‐induced emission,Aggregation-Induced Emission,ALIAS_OF
智能诊断,智能医疗诊断,ALIAS_OF
dinuclear,Dinuclear,ALIAS_OF
秸秆资源化利用,秸秆利用,ALIAS_OF
Riemann-Liouville导数,Riemann-Liouville分数阶导数,ALIAS_OF
猫1型疱疹病毒,猫疱疹病毒1型,ALIAS_OF
Aggregation‐induced emission,Aggregation-Induced Emission,ALIAS_OF
轻量级神经网络,轻量化神经网络,ALIAS_OF
分级标准,分级分类标准,ALIAS_OF
免疫规划程序,免疫规划,ALIAS_OF
Azobenzene,Isomerization: Azobenzene: Isomerization,ALIAS_OF
养分资源量,养分资源,ALIAS_OF
自适应滤波器,自适应滤波,ALIAS_OF
运动心肺测试,心肺运动试验,ALIAS_OF
人工智能内容生成,人工智能生成内容,ALIAS_OF
Yolov3,YOLOv3,ALIAS_OF
C反应蛋白,C-反应蛋白,ALIAS_OF
抗辐射设计加固,抗辐射加固,ALIAS_OF
电子自动化设计,电子设计自动化,ALIAS_OF
膜囊泡,外囊泡,ALIAS_OF
多酶级联反应,多酶级联催化,ALIAS_OF
类器官生物样本库,类器官生物库,ALIAS_OF
switchable fluorescence,Switchable fluorescence,ALIAS_OF
汽车车用芯片,汽车芯片,ALIAS_OF
振动检测装置,振动检测,ALIAS_OF
航天电子装置,航天电子装备,ALIAS_OF
可见光光催化,可见光催化,ALIAS_OF
Nanostructures,Nanostructure,ALIAS_OF
防治策略,防治对策,ALIAS_OF
禽腺病毒病,禽腺病毒,ALIAS_OF
磷脂酰肌醇3-激酶/蛋白激酶B(PI3K/Akt)信号通路,磷脂酰肌醇-3激酶/蛋白激酶B通路,ALIAS_OF
化学-酶法合成,酶法合成,ALIAS_OF
氧电极催化,氧电催化,ALIAS_OF
神经网络计算,神经网络算法,ALIAS_OF
肺血管重构,肺动脉血管重塑,ALIAS_OF
生物质材料,生物材料,ALIAS_OF
核因子κB,核因子-κB,ALIAS_OF
核受体辅激活因子4,核受体共激活因子4,ALIAS_OF
Hadamard分数阶微分,Hadamard分数阶导数,ALIAS_OF
创新型人才,创新人才,ALIAS_OF
biofilms,Biofilm,ALIAS_OF
bioimaging,Bioimaging,ALIAS_OF
主密度峰值聚类,密度峰值聚类,ALIAS_OF
载人航天器,载人航天,ALIAS_OF
猫疱疹病毒Ⅰ型,猫疱疹病毒1型,ALIAS_OF
高效液相色谱法,高效液相色谱,ALIAS_OF
抗肿瘤免疫,抗肿瘤免疫治疗,ALIAS_OF
中西医结合疗法,中西医结合治疗,ALIAS_OF
慢性代谢病,慢性代谢性疾病,ALIAS_OF
亚单位疫苗1,亚单位疫苗,ALIAS_OF
CT血管造影,CT血管成像,ALIAS_OF
秸秆综合利用,农作物秸秆综合利用,ALIAS_OF
unity3D,Unity3D,ALIAS_OF
多信息融合,多源信息融合,ALIAS_OF
脑心同治,心脑同治,ALIAS_OF
高光谱影像,高光谱图像,ALIAS_OF
双碳目标,“双碳”目标,ALIAS_OF
Molecular dynamics,molecular dynamics,ALIAS_OF
Charge-transfer complex,Charge-Transfer Complex,ALIAS_OF
非线性最优化,非线性优化,ALIAS_OF
耦合模式,耦合协调度模型,ALIAS_OF
血液生理生化,血液生化,ALIAS_OF
肿瘤细胞减灭术,肿瘤减灭术,ALIAS_OF
原位测量,原位测定,ALIAS_OF
呼吸性传染病,呼吸道传染病,ALIAS_OF
肉芽肿结节,肉芽肿性结节,ALIAS_OF
财务共享服务中心,财务共享中心,ALIAS_OF
硅芯片,硅基芯片,ALIAS_OF
智慧居家社区养老,智慧居家养老,ALIAS_OF
抗氧化性能,抗氧化性,ALIAS_OF
Dice系数,DICE系数,ALIAS_OF
羟类固醇脱氢酶,羟基类固醇脱氢酶,ALIAS_OF
丙烷脱氢,丙烷直接脱氢,ALIAS_OF
phase transition,Phase transition,ALIAS_OF
机遇和挑战,挑战和机遇,ALIAS_OF
2′-岩藻糖基乳糖,2’-岩藻糖基乳糖,ALIAS_OF
room-temperature phosphorescence,Room temperature phosphorescence,ALIAS_OF
医学人工智能,人工智能医疗,ALIAS_OF
solvent effects,Solvent effect,ALIAS_OF
全球导航卫星系统,全球卫星导航系统,ALIAS_OF
yolov7,YOLOv7,ALIAS_OF
tau蛋白,Tau蛋白,ALIAS_OF
Er,YAG: Er:YAG,ALIAS_OF
金属原子级分散催化剂,金属单原子催化剂,ALIAS_OF
B-淋巴细胞,B淋巴细胞,ALIAS_OF
发展路线,发展路径,ALIAS_OF
智能会计核算,智能会计,ALIAS_OF
人类乳头瘤病毒疫苗,人乳头瘤病毒疫苗,ALIAS_OF
非对称卷积块,非对称卷积,ALIAS_OF
组分无细胞百白破联合疫苗,无细胞百白破联合疫苗,ALIAS_OF
cycloparaphenylene,Cycloparaphenylene,ALIAS_OF
航天材料,航天器材料,ALIAS_OF
Polyphosphazenes,Polyphosphazene,ALIAS_OF
DNA nanotechnology,DNA Nanotechnology,ALIAS_OF
多位点序列分析,多位点序列分型,ALIAS_OF
有机小分子组装,有机分子自组装,ALIAS_OF
遗传进化,遗传演化,ALIAS_OF
沸石咪唑骨架,沸石咪唑酯骨架材料,ALIAS_OF
智能设计,智能化设计,ALIAS_OF
思想表达二分法,思想/表达二分法,ALIAS_OF
手术并发症,手术后并发症,ALIAS_OF
Chebyshev配置法,Chebyshev谱配置法,ALIAS_OF
乙肝感染,乙型病毒性肝炎,ALIAS_OF
急性呼吸道感染,上呼吸道感染,ALIAS_OF
clusters,cluster,ALIAS_OF
人工智能服务提供者,人工智能提供者,ALIAS_OF
编解码结构,编码器-解码器结构,ALIAS_OF
左右分数阶导数,分数阶左右导数,ALIAS_OF
血管重构,血管重塑,ALIAS_OF
财政补贴,政府补助,ALIAS_OF
产肠毒素性大肠杆菌,产肠毒素大肠杆菌,ALIAS_OF
2-bis(4-pyridyl)ethylene (Bpe),2-bis(4-pyridyl)ethylene,ALIAS_OF
青年乳腺癌,年轻乳腺癌,ALIAS_OF
流行病学调查研究,流行病学调查,ALIAS_OF
属性级情感分类,属性级情感分析,ALIAS_OF
基层医疗机构,基层医疗卫生机构,ALIAS_OF
Adams仿真,ADAMS仿真,ALIAS_OF
智能化识别,智能识别,ALIAS_OF
农作物品质,农产品品质,ALIAS_OF
hydrogel,Hydrogel,ALIAS_OF
腔镜甲状腺切除手术,甲状腺切除术,ALIAS_OF
代谢紊乱相关性脂肪性肝病,代谢相关脂肪性肝病,ALIAS_OF
缺血/再灌注损伤,缺血再灌注损伤,ALIAS_OF
Supramolecular chemistry,Supramolecular Chemistry,ALIAS_OF
自动变速箱,自动变速器,ALIAS_OF
A(H1N1)pdm09流感病毒,A(H1N1)pdm09亚型流感病毒,ALIAS_OF
self-assemble,Self-assembly,ALIAS_OF
实代数曲线,代数曲线,ALIAS_OF
嵌套实体,实体嵌套,ALIAS_OF
时空特性,时空特征,ALIAS_OF
DEA-Malmquist指数法,DEA-Malmquist指数模型,ALIAS_OF
鸡慢性呼吸道病,鸡慢性呼吸道疾病,ALIAS_OF
intercalation,Intercalation,ALIAS_OF
自组装单层膜,分子自组装单层膜,ALIAS_OF
锌空气电池,锌-空气电池,ALIAS_OF
表皮生长因子受体基因,表皮生长因子受体,ALIAS_OF
工艺加工,加工工艺,ALIAS_OF
纳米生物材料产品,纳米生物材料,ALIAS_OF
生物医用材料,医用生物材料,ALIAS_OF
Z型异质结,Z-型异质结,ALIAS_OF
化学防腐剂,化学合成防腐剂,ALIAS_OF
镁合金材料,镁合金,ALIAS_OF
牙源性间充质干细胞,牙源性干细胞,ALIAS_OF
自身免疫病,自身免疫性疾病,ALIAS_OF
长短时记忆神经网络,长短期记忆神经网络,ALIAS_OF
量子密码术,量子密码,ALIAS_OF
stimuli-responsivness,stimuli-responsive,ALIAS_OF
预训练大模型,大规模预训练模型,ALIAS_OF
高中生物学,高中生物,ALIAS_OF
主体性危机,“主体性”危机,ALIAS_OF
Protein complex,Protein Complexes,ALIAS_OF
heavy metal pollutants,Heavy metal pollutants,ALIAS_OF
多头自注意力机制,多头注意力机制,ALIAS_OF
杆状病毒表达体系,杆状病毒表达系统,ALIAS_OF
癌症晚期患者,晚期癌症,ALIAS_OF
硫化物电解质,硫化物固体电解质,ALIAS_OF
表观基因组学,表观基因组,ALIAS_OF
还原脱氯,脱氯还原,ALIAS_OF
单拷贝直系同源基因,单拷贝同源基因,ALIAS_OF
molecular stacking,Molecular Stacking,ALIAS_OF
中医病因病机,中医病因和病机,ALIAS_OF
13价肺炎球菌结合疫苗,13价肺炎球菌多糖结合疫苗,ALIAS_OF
脂肪代谢,脂代谢,ALIAS_OF
生态学模型,生态位模型,ALIAS_OF
光电开关,光开关,ALIAS_OF
人兽共患病,人兽共患疾病,ALIAS_OF
格公钥密码,公钥密码,ALIAS_OF
精准医疗,精准医学,ALIAS_OF
logistic增长,Logistic增长,ALIAS_OF
肾脏纤维化,肾纤维化,ALIAS_OF
社区卫生中心,社区卫生服务中心,ALIAS_OF
成本管控,成本控制,ALIAS_OF
掩码注意力,动态掩码注意力,ALIAS_OF
电路课程,电子电路课程,ALIAS_OF
慢性乙型肝炎病毒感染,乙型病毒性肝炎,ALIAS_OF
超高液相色谱-质谱,超高效液相色谱-质谱联用,ALIAS_OF
Schiff Bases,Schiff bases,ALIAS_OF
stimuli responsive,stimuli-responsive,ALIAS_OF
循环功率,功率循环,ALIAS_OF
光谱观测,光谱探测,ALIAS_OF
抗氧化功能,抗氧化作用,ALIAS_OF
太阳空间探测,太阳探测,ALIAS_OF
药物-靶点相互作用,药物-靶标相互作用,ALIAS_OF
编解码器结构,编码器-解码器结构,ALIAS_OF
脑利钠肽,脑钠肽,ALIAS_OF
反向遗传操作系统,反向遗传学操作系统,ALIAS_OF
流行病模型,流行病学模型,ALIAS_OF
化学合成类制药,化学原料药,ALIAS_OF
JAK/STAT通路,JAK-STAT通路,ALIAS_OF
天体物理学,天体物理,ALIAS_OF
代数多重网格方法,代数多重网格,ALIAS_OF
药理机制,药理作用机制,ALIAS_OF
有机-无机复合体系,有机-无机复合,ALIAS_OF
非共价键作用力,非共价键作用,ALIAS_OF
量子信息理论,量子信息,ALIAS_OF
噬菌体疗法,噬菌体治疗,ALIAS_OF
晚期癌症患者,晚期癌症,ALIAS_OF
缺血性脑卒中,急性缺血性脑卒中,ALIAS_OF
五羟色胺,5-羟色胺,ALIAS_OF
Bert模型,BERT模型,ALIAS_OF
信息科技课程,信息技术课程,ALIAS_OF
生成艺术,生成式艺术,ALIAS_OF
细胞培养技术,细胞培养,ALIAS_OF
聚合物有机凝胶,聚合物凝胶,ALIAS_OF
主动式健康,主动健康,ALIAS_OF
光学集成电路,光子集成电路,ALIAS_OF
MXene复合材料,MXene基复合材料,ALIAS_OF
严重急性呼吸综合征冠状病毒2,严重急性呼吸系统综合征冠状病毒2型(SARS-CoV-2),ALIAS_OF
Coiled coils,Coiled Coils,ALIAS_OF
生物3D打印技术,3D生物打印技术,ALIAS_OF
CT影像,CT图像,ALIAS_OF
人字齿行星齿轮,人字行星齿轮,ALIAS_OF
老年癌症病人,老年癌症患者,ALIAS_OF
围绝经期抑郁症,围绝经期抑郁,ALIAS_OF
amyloids,amyloid,ALIAS_OF
“长征五号”火箭,长征五号运载火箭,ALIAS_OF
药物依从性,用药依从性,ALIAS_OF
Cucurbit[6]uril,cucurbit[6]uril,ALIAS_OF
制造企业,制造业企业,ALIAS_OF
数字教育,教育数字化,ALIAS_OF
单细胞组学技术,单细胞技术,ALIAS_OF
7Ps营销策略优化,7PS营销策略,ALIAS_OF
氧气还原反应,氧还原反应,ALIAS_OF
蛋白质基因组学,蛋白—基因组学,ALIAS_OF
分级分类,分类分级,ALIAS_OF
硅波导,硅基波导,ALIAS_OF
自身免疫性甲状腺疾病,甲状腺自身免疫性疾病,ALIAS_OF
驾驶员疲劳检测,疲劳驾驶检测,ALIAS_OF
碱金属阳离子,碱金属离子,ALIAS_OF
“双积分”政策,双积分政策,ALIAS_OF
基因组进化,基因组演化,ALIAS_OF
subcellular distribution,Subcellular Distribution,ALIAS_OF
非线性动力学分析,非线性动力学,ALIAS_OF
Linux系统,Linux操作系统,ALIAS_OF
线粒体生物生成,线粒体生物发生,ALIAS_OF
Ⅰ期临床研究,Ⅰ期临床试验,ALIAS_OF
宏基因组学第二代测序,宏基因组二代测序,ALIAS_OF
3巯基丙基三甲氧基硅烷,3-巯基丙基三甲氧基硅烷,ALIAS_OF
化学酶法,化学-酶法,ALIAS_OF
polyphenols,Polyphenols,ALIAS_OF
痰瘀并治,痰瘀同治,ALIAS_OF
SIRS流行病模型,SIRS传染病模型,ALIAS_OF
鼻腔黏膜免疫疫苗,鼻腔疫苗,ALIAS_OF
输卵管阻塞性不孕,输卵管因素性不孕,ALIAS_OF
bioinorganic chemistry,Bioinorganic Chemistry,ALIAS_OF
技术演进,技术演化,ALIAS_OF
灭绝性与持久性,持久性与灭绝性,ALIAS_OF
路径创新,创新路径,ALIAS_OF
轮毂电动机,轮毂电机,ALIAS_OF
全固态锂电池,全固态电池,ALIAS_OF
Halcon,HALCON,ALIAS_OF
电化学分析,电分析化学,ALIAS_OF
DTaP-IPV/Hib五联疫苗,DTaP-IPV-Hib五联疫苗,ALIAS_OF
质子传递,质子传导,ALIAS_OF
poly I,C: poly I:C,ALIAS_OF
呼吸道疾病综合征,呼吸疾病综合征,ALIAS_OF
肺部炎症性疾病,肺部疾病,ALIAS_OF
[3+2]环合反应,[3+2]环化反应,ALIAS_OF
IgG4相关疾病,IgG4相关性疾病,ALIAS_OF
医疗报告生成,医学报告生成,ALIAS_OF
慢病防治,慢病防控,ALIAS_OF
血管形成,血管生成,ALIAS_OF
coordination-driven self-assembly,Coordination‐driven self‐assembly,ALIAS_OF
分离鉴定,分离与鉴定,ALIAS_OF
螺栓连接,螺栓联接,ALIAS_OF
孟德尔随机化研究,孟德尔随机化,ALIAS_OF
肿瘤生物标志物,肿瘤标志物,ALIAS_OF
纳米碳材料,碳纳米材料,ALIAS_OF
激光精密焊接,激光焊接,ALIAS_OF
supramolecular,Supramolecular,ALIAS_OF
胞外囊泡,细胞外囊泡,ALIAS_OF
photosensitizer,Photosensitizer,ALIAS_OF
嵌合病毒,嵌合型病毒,ALIAS_OF
围术期神经认知障碍,围手术期神经认知障碍,ALIAS_OF
滑膜成纤维细胞,成纤维样滑膜细胞,ALIAS_OF
影像学特点,影像学特征,ALIAS_OF
树状大分子,树形大分子,ALIAS_OF
功率电子器件,功率器件,ALIAS_OF
分子表征,分子图表征,ALIAS_OF
CRISPR/Cas技术,CRISPR/Cas9技术,ALIAS_OF
畜禽粪污,畜禽粪便,ALIAS_OF
发光二极管光源,发光二极管,ALIAS_OF
服药依从性,用药依从性,ALIAS_OF
肺部感染性疾病,肺部疾病,ALIAS_OF
white‐light emission,white light emission,ALIAS_OF
视觉大模型,大型视觉模型,ALIAS_OF
臭氧催化氧化,催化臭氧化,ALIAS_OF
仿真教学,仿真实验教学,ALIAS_OF
蒙特卡罗法,蒙特卡洛法,ALIAS_OF
化学合成制药废水,化学制药废水,ALIAS_OF
X射线衍射谱,X射线衍射,ALIAS_OF
聚苯乙烯纳米塑料,纳米聚苯乙烯,ALIAS_OF
医疗大数据,医学大数据,ALIAS_OF
食品检验,食品安全检测,ALIAS_OF
肺系疾病,肺部疾病,ALIAS_OF
全球卫生治理,全球公共卫生治理,ALIAS_OF
化学疗法,化学治疗,ALIAS_OF
教学实验平台,实验教学平台,ALIAS_OF
非酒精性脂肪肝病(NAFLD),非酒精性脂肪肝(NAFLD),ALIAS_OF
代谢类疾病,代谢性疾病,ALIAS_OF
关键核心技术攻关,关键技术,ALIAS_OF
刺激-机制-反应理论,刺激-机体-反应理论,ALIAS_OF
CD8+T淋巴细胞,CD8+ T细胞,ALIAS_OF
网联自动驾驶车辆,网联自动驾驶,ALIAS_OF
鲜食农产品,生鲜农产品,ALIAS_OF
peptides,Peptides,ALIAS_OF
photosensitizers,Photosensitizers,ALIAS_OF
医药废水,制药废水,ALIAS_OF
Cucurbit[5]uril,cucurbit[5]uril,ALIAS_OF
多层感知器,多层感知机,ALIAS_OF
农作物生产水足迹,农作物水足迹,ALIAS_OF
杆状病毒表达载体系统,杆状病毒表达系统,ALIAS_OF
秸秆还田机,秸秆机械粉碎还田,ALIAS_OF
炎症指标,炎性指标,ALIAS_OF
thermoresponsive behavior,Thermoresponsive behavior,ALIAS_OF
Lomb-Scargle周期图法,Lomb-Scargle周期图,ALIAS_OF
非核糖体肽合成酶,非核糖体多肽合成酶,ALIAS_OF
税收现代化,税收治理现代化,ALIAS_OF
自身免疫疾病,自身免疫性疾病,ALIAS_OF
Kransnoselskii不动点定理,Guo-Krasnoselskii不动点定理,ALIAS_OF
血清代谢物,血清代谢产物,ALIAS_OF
芯片制造产业链,芯片产业链,ALIAS_OF
全球性公共产品,全球公共产品,ALIAS_OF
计算精神病学,计算精神医学,ALIAS_OF
修复和再生,修复与再生,ALIAS_OF
amyloid fibrils,Amyloid fibrils,ALIAS_OF
矩阵管理,矩阵式管理,ALIAS_OF
噬菌体展示系统,噬菌体展示,ALIAS_OF
artificial neural network,Artificial neural network,ALIAS_OF
Aggregation-induced emission,Aggregation-Induced Emission,ALIAS_OF
黏附性,粘附性,ALIAS_OF
异基因造血干细胞移植术,异基因造血干细胞移植,ALIAS_OF
光学轨道角动量,光子轨道角动量,ALIAS_OF
苯并呋喃[3,苯并呋喃,ALIAS_OF
去芳构化反应,去芳化反应,ALIAS_OF
模糊集定型比较分析,模糊集定性比较分析,ALIAS_OF
全景影像,全景图像,ALIAS_OF
kinetics,Kinetics,ALIAS_OF
钠—葡萄糖共转运蛋白2抑制剂,钠-葡萄糖共转运蛋白2抑制剂,ALIAS_OF
脑肠轴,肠-脑轴,ALIAS_OF
Carbon nitride,Carbon Nitride,ALIAS_OF
医疗图像分割,医学图像分割,ALIAS_OF
BN-S模型,B-S模型,ALIAS_OF
peptide,Peptide,ALIAS_OF
谷氨酸棒状杆菌,谷氨酸棒杆菌,ALIAS_OF
organic microcrystal,Organic microcrystal,ALIAS_OF
QT,Qt,ALIAS_OF
口腔表现,口腔表征,ALIAS_OF
循环神经网络模型,循环神经网络,ALIAS_OF
多环芳香烃,多环芳烃,ALIAS_OF
water‐splitting,Water splitting,ALIAS_OF
功能性近红外光谱技术,功能性近红外光谱,ALIAS_OF
药物治疗监测,治疗药物监测,ALIAS_OF
cucurbit[n]urils,Cucurbit[n]urils,ALIAS_OF
抗生素耐药性基因,抗生素耐药基因,ALIAS_OF
电子供体-受体型,电子供体-受体,ALIAS_OF
糖尿病肾脏病变,糖尿病肾病,ALIAS_OF
主体-客体互倚模型,主-客体互倚模型,ALIAS_OF
molecular assemblies,Molecular assemblies,ALIAS_OF
中医外治疗法,中医外治,ALIAS_OF
健康状态评估,健康状况评估,ALIAS_OF
绿色化工环保技术,绿色化工技术,ALIAS_OF
病原体与宿主相互作用,病原-宿主相互作用,ALIAS_OF
头颈部肿瘤,头颈肿瘤,ALIAS_OF
支气管肺泡灌洗液,支气管肺泡灌洗,ALIAS_OF
头颈鳞状细胞癌,头颈部鳞状细胞癌,ALIAS_OF
建筑施工企业,建筑企业,ALIAS_OF
科产教融合,产科教融合,ALIAS_OF
功能磁共振成像,功能性磁共振成像,ALIAS_OF
遥感影像,遥感图像,ALIAS_OF
Molecular modelling,Molecular modeling,ALIAS_OF
化学合成药物,化学原料药,ALIAS_OF
磁测量,磁场测量,ALIAS_OF
激光精密加工,激光加工,ALIAS_OF
超高效液相色谱-串联质谱法,超高效液相色谱-质谱联用,ALIAS_OF
育龄期妇女,育龄妇女,ALIAS_OF
政策性农作物保险,政策性农业保险,ALIAS_OF
物病虫害,病虫害,ALIAS_OF
水污染物处理,水污染处理,ALIAS_OF
极端降雨,极端强降水,ALIAS_OF
秸秆处置,秸秆处理,ALIAS_OF
微机电系统器件,微机电系统,ALIAS_OF
受控生态生保系统,受控生态生命保障系统,ALIAS_OF
元素地球化学特征,元素地球化学,ALIAS_OF
fuelled assembly,Fueled assembly,ALIAS_OF
支原体性肺炎,支原体肺炎,ALIAS_OF
动态手势识别,手势识别,ALIAS_OF
发酵过程优化,发酵优化,ALIAS_OF
基因组特征,基因特征,ALIAS_OF
谱系不完全分选,不完全谱系分选,ALIAS_OF
集成经验模态分解,经验模态分解,ALIAS_OF
教育人工智能,人工智能与教育,ALIAS_OF
芯片行业,芯片产业,ALIAS_OF
时空演变,时空演化,ALIAS_OF
脑芯片,类脑芯片,ALIAS_OF
合成生物学技术,合成生物学,ALIAS_OF
阿尔茨海默症,阿尔茨海默病,ALIAS_OF
基因位点多态性,基因多态性,ALIAS_OF
halogen bond,Halogen bond,ALIAS_OF
猪繁殖与呼吸障碍综合征,猪繁殖与呼吸综合征,ALIAS_OF
非药物疗法,非药物治疗,ALIAS_OF
肿瘤坏死因子α,肿瘤坏死因子-α,ALIAS_OF
蛋白水解靶向嵌合体,蛋白降解靶向嵌合体,ALIAS_OF
篇章级事件抽取,篇章事件抽取,ALIAS_OF
核因子E2相关因子2(Nrf2),核因子E2相关因子2,ALIAS_OF
转录组技术,转录组学技术,ALIAS_OF
azobenzene,Azobenzene,ALIAS_OF
人字齿行星轮系,人字行星齿轮,ALIAS_OF
X射线计算机断层扫描(X-CT),X射线计算机断层扫描,ALIAS_OF
分子自组单层膜,分子自组装单层膜,ALIAS_OF
抗菌耐药性,抗微生物药物耐药性,ALIAS_OF
nanoparticles,Nanoparticles,ALIAS_OF
水溶解性,水溶性,ALIAS_OF
老年病人,老年患者,ALIAS_OF
互联网医疗,互联网+医疗,ALIAS_OF
肝脏再生,肝再生,ALIAS_OF
垂体腺瘤,垂体瘤,ALIAS_OF
慢性乙型病毒性肝炎,乙型病毒性肝炎,ALIAS_OF
传播动力模型,传播动力学模型,ALIAS_OF
干性年龄相关性黄斑变性,年龄相关性黄斑变性,ALIAS_OF
macroscopic supramolecular assembly,Macroscopic Supramolecular Assembly,ALIAS_OF
概率密度演化方法,概率密度演化,ALIAS_OF
Light harvesting system,Light-harvesting system,ALIAS_OF
柑橘黄酮,柑橘类黄酮,ALIAS_OF
头颈部癌症,头颈部癌,ALIAS_OF
心脑血管病,心脑血管疾病,ALIAS_OF
多功能电催化剂,多功能催化剂,ALIAS_OF
抗辐照加固,抗辐射加固,ALIAS_OF
变分自编码,变分自动编码器,ALIAS_OF
肠道病毒A组71型,肠道病毒71型,ALIAS_OF
口腔菌群,口腔微生物,ALIAS_OF
中药治疗,中医治疗,ALIAS_OF
感知压力,压力感知,ALIAS_OF
cancer,Cancer,ALIAS_OF
输入到状态稳定性,输入到状态指数稳定性,ALIAS_OF
Π…π interaction,π-π interaction,ALIAS_OF
DeeplabV3+,DeepLabV3+,ALIAS_OF
非自杀性自伤行为,非自杀性自伤,ALIAS_OF
b型流感嗜血杆菌结合疫苗,B型流感嗜血杆菌疫苗,ALIAS_OF
溶胶凝胶,溶胶-凝胶法,ALIAS_OF
现代半导体器件物理,半导体器件物理,ALIAS_OF
上皮间质转化,上皮-间质转化,ALIAS_OF
导航定位,定位导航,ALIAS_OF
Dagum基尼系数,DAGUM基尼系数,ALIAS_OF
